Date,Open,High,Low,Close,Volume,Adj Close
6/29/2010,19.00,25.00,17.54,23.89,18766300.00,23.89
6/30/2010,25.79,30.42,23.30,23.83,17187100.00,23.83
7/1/2010,25.00,25.92,20.27,21.96,8218800.00,21.96
7/2/2010,23.00,23.10,18.71,19.20,5139800.00,19.20
7/6/2010,20.00,20.00,15.83,16.11,6866900.00,16.11
7/7/2010,16.40,16.63,14.98,15.80,6921700.00,15.80
7/8/2010,16.14,17.52,15.57,17.46,7711400.00,17.46
7/9/2010,17.58,17.90,16.55,17.40,4050600.00,17.40
7/12/2010,17.95,18.07,17.00,17.05,2202500.00,17.05
7/13/2010,17.39,18.64,16.90,18.14,2680100.00,18.14
7/14/2010,17.94,20.15,17.76,19.84,4195200.00,19.84
7/15/2010,19.94,21.50,19.00,19.89,3739800.00,19.89
7/16/2010,20.70,21.30,20.05,20.64,2621300.00,20.64
7/19/2010,21.37,22.25,20.92,21.91,2486500.00,21.91
7/20/2010,21.85,21.85,20.05,20.30,1825300.00,20.30
7/21/2010,20.66,20.90,19.50,20.22,1252500.00,20.22
7/22/2010,20.50,21.25,20.37,21.00,957800.00,21.00
7/23/2010,21.19,21.56,21.06,21.29,653600.00,21.29
7/26/2010,21.50,21.50,20.30,20.95,922200.00,20.95
7/27/2010,20.91,21.18,20.26,20.55,619700.00,20.55
7/28/2010,20.55,20.90,20.51,20.72,467200.00,20.72
7/29/2010,20.77,20.88,20.00,20.35,616000.00,20.35
7/30/2010,20.20,20.44,19.55,19.94,426900.00,19.94
8/2/2010,20.50,20.97,20.33,20.92,718100.00,20.92
8/3/2010,21.00,21.95,20.82,21.95,1230500.00,21.95
8/4/2010,21.95,22.18,20.85,21.26,913000.00,21.26
8/5/2010,21.54,21.55,20.05,20.45,796200.00,20.45
8/6/2010,20.10,20.16,19.52,19.59,741900.00,19.59
8/9/2010,19.90,19.98,19.45,19.60,812700.00,19.60
8/10/2010,19.65,19.65,18.82,19.03,1281300.00,19.03
8/11/2010,18.69,18.88,17.85,17.90,797600.00,17.90
8/12/2010,17.80,17.90,17.39,17.60,691000.00,17.60
8/13/2010,18.18,18.45,17.66,18.32,634000.00,18.32
8/16/2010,18.45,18.80,18.26,18.78,485800.00,18.78
8/17/2010,18.96,19.40,18.78,19.15,447900.00,19.15
8/18/2010,19.59,19.59,18.60,18.77,601300.00,18.77
8/19/2010,18.54,19.25,18.33,18.79,579100.00,18.79
8/20/2010,18.65,19.11,18.51,19.10,296000.00,19.10
8/23/2010,19.09,20.39,19.00,20.13,1088100.00,20.13
8/24/2010,19.25,19.71,18.95,19.20,673100.00,19.20
8/25/2010,19.16,19.98,18.56,19.90,503300.00,19.90
8/26/2010,19.89,20.27,19.60,19.75,433800.00,19.75
8/27/2010,19.75,19.87,19.50,19.70,379600.00,19.70
8/30/2010,19.70,20.19,19.61,19.87,732800.00,19.87
8/31/2010,19.66,19.79,19.33,19.48,201100.00,19.48
9/1/2010,19.62,20.69,19.60,20.45,494900.00,20.45
9/2/2010,20.37,21.24,20.31,21.06,487100.00,21.06
9/3/2010,20.87,21.30,20.66,21.05,434600.00,21.05
9/7/2010,20.61,21.00,20.50,20.54,243400.00,20.54
9/8/2010,20.66,20.95,20.60,20.90,288400.00,20.90
9/9/2010,21.00,21.05,20.69,20.71,376200.00,20.71
9/10/2010,20.75,20.93,19.76,20.17,386600.00,20.17
9/13/2010,20.89,20.90,20.50,20.72,360800.00,20.72
9/14/2010,20.54,21.60,20.53,21.12,654700.00,21.12
9/15/2010,20.98,22.00,20.79,21.98,684600.00,21.98
9/16/2010,22.15,23.16,20.84,20.94,2684500.00,20.94
9/17/2010,21.02,21.32,19.80,20.23,1198500.00,20.23
9/20/2010,20.67,21.35,20.16,21.06,947500.00,21.06
9/21/2010,20.89,21.55,20.67,20.77,796000.00,20.77
9/22/2010,20.87,20.95,19.80,19.87,962900.00,19.87
9/23/2010,19.89,20.14,19.50,19.56,668100.00,19.56
9/24/2010,19.95,20.19,19.65,20.10,578900.00,20.10
9/27/2010,20.40,20.81,20.05,20.53,418600.00,20.53
9/28/2010,21.04,21.49,20.76,21.40,1214500.00,21.40
9/29/2010,21.19,22.03,21.13,21.98,1969300.00,21.98
9/30/2010,22.00,22.15,20.19,20.41,2195800.00,20.41
10/1/2010,20.69,20.75,20.31,20.60,597700.00,20.60
10/4/2010,20.43,21.17,20.30,20.99,643600.00,20.99
10/5/2010,21.15,21.28,21.01,21.12,332000.00,21.12
10/6/2010,21.06,21.26,20.32,20.46,313400.00,20.46
10/7/2010,20.57,20.64,20.34,20.43,141000.00,20.43
10/8/2010,20.43,20.79,20.39,20.43,267800.00,20.43
10/11/2010,20.44,20.70,20.07,20.24,171200.00,20.24
10/12/2010,20.20,20.28,20.03,20.24,244000.00,20.24
10/13/2010,20.64,20.85,20.36,20.54,318200.00,20.54
10/14/2010,21.00,21.03,20.40,20.75,294800.00,20.75
10/15/2010,20.89,20.90,20.25,20.54,284700.00,20.54
10/18/2010,20.52,20.64,20.22,20.23,162800.00,20.23
10/19/2010,20.20,20.41,20.00,20.05,245200.00,20.05
10/20/2010,20.16,20.69,20.04,20.65,312500.00,20.65
10/21/2010,20.61,20.95,20.45,20.75,417100.00,20.75
10/22/2010,20.68,20.93,20.55,20.72,161100.00,20.72
10/25/2010,20.94,20.98,20.73,20.85,118500.00,20.85
10/26/2010,20.80,21.87,20.51,21.36,660900.00,21.36
10/27/2010,21.25,21.38,20.65,21.00,356500.00,21.00
10/28/2010,21.39,21.50,20.96,21.19,224200.00,21.19
10/29/2010,21.14,21.85,21.05,21.84,280600.00,21.84
11/1/2010,21.94,22.75,21.31,21.41,455800.00,21.41
11/2/2010,21.68,21.88,21.05,21.25,322500.00,21.25
11/3/2010,21.28,22.50,21.16,21.77,372600.00,21.77
11/4/2010,22.60,25.33,22.15,24.90,1874000.00,24.90
11/5/2010,24.87,24.97,23.72,24.44,1011000.00,24.44
11/8/2010,24.50,25.00,24.03,24.98,509500.00,24.98
11/9/2010,25.00,25.69,24.05,24.63,956400.00,24.63
11/10/2010,24.48,29.97,24.05,29.36,3060500.00,29.36
11/11/2010,28.60,29.10,27.33,28.04,1945300.00,28.04
11/12/2010,28.25,30.50,28.07,29.84,2729100.00,29.84
11/15/2010,30.22,32.94,30.22,30.80,2622900.00,30.80
11/16/2010,31.00,31.40,28.42,29.67,1347600.00,29.67
11/17/2010,30.20,30.75,28.61,29.49,750000.00,29.49
11/18/2010,30.67,30.74,28.92,29.89,956100.00,29.89
11/19/2010,30.16,31.37,29.70,30.99,1150500.00,30.99
11/22/2010,31.57,33.45,31.50,33.40,1529700.00,33.40
11/23/2010,33.29,35.68,32.19,34.57,1577800.00,34.57
11/24/2010,35.27,35.97,34.33,35.47,1425000.00,35.47
11/26/2010,35.60,36.00,34.75,35.32,350600.00,35.32
11/29/2010,35.41,35.95,33.33,34.33,1145600.00,34.33
11/30/2010,33.74,35.33,33.41,35.33,2222600.00,35.33
12/1/2010,35.87,36.42,33.45,34.35,1299200.00,34.35
12/2/2010,34.01,34.30,31.20,32.35,2007000.00,32.35
12/3/2010,32.01,32.25,30.87,31.49,1160100.00,31.49
12/6/2010,31.35,31.45,29.56,30.31,1274400.00,30.31
12/7/2010,30.49,32.40,30.05,31.56,1311300.00,31.56
12/8/2010,32.48,32.49,31.52,32.37,660000.00,32.37
12/9/2010,32.51,32.72,31.65,32.05,406000.00,32.05
12/10/2010,32.05,32.92,31.13,31.52,429400.00,31.52
12/13/2010,31.64,31.77,30.40,30.55,410400.00,30.55
12/14/2010,30.29,30.39,27.76,28.53,1765700.00,28.53
12/15/2010,28.67,29.97,28.53,29.60,742900.00,29.60
12/16/2010,30.00,30.91,29.65,30.81,790100.00,30.81
12/17/2010,31.34,31.54,30.71,31.36,813000.00,31.36
12/20/2010,31.64,32.19,31.26,31.70,523400.00,31.70
12/21/2010,31.80,32.69,31.71,32.26,777700.00,32.26
12/22/2010,32.25,32.86,31.70,32.63,833300.00,32.63
12/23/2010,31.26,32.48,29.92,30.09,1552600.00,30.09
12/27/2010,28.02,28.58,25.06,25.55,9301900.00,25.55
12/28/2010,25.85,26.75,25.00,26.41,4056300.00,26.41
12/29/2010,27.03,28.01,26.50,27.73,3319200.00,27.73
12/30/2010,27.70,27.90,26.38,26.50,2041100.00,26.50
12/31/2010,26.57,27.25,26.50,26.63,1417900.00,26.63
1/3/2011,26.84,27.00,25.90,26.62,1283000.00,26.62
1/4/2011,26.66,26.95,26.02,26.67,1187400.00,26.67
1/5/2011,26.48,26.90,26.19,26.83,1446700.00,26.83
1/6/2011,26.83,28.00,26.81,27.88,2061200.00,27.88
1/7/2011,28.00,28.58,27.90,28.24,2247900.00,28.24
1/10/2011,28.17,28.68,28.05,28.45,1342700.00,28.45
1/11/2011,28.59,28.71,26.92,26.96,1710200.00,26.96
1/12/2011,27.01,27.40,26.52,26.96,964400.00,26.96
1/13/2011,26.96,26.97,26.16,26.22,723600.00,26.22
1/14/2011,26.15,26.58,25.61,25.75,1192000.00,25.75
1/18/2011,25.48,25.64,24.75,25.64,1621700.00,25.64
1/19/2011,25.27,25.47,23.75,24.03,2371500.00,24.03
1/20/2011,24.03,24.45,22.37,22.62,2279900.00,22.62
1/21/2011,23.12,23.59,22.71,23.04,1217000.00,23.04
1/24/2011,23.53,24.81,23.23,24.49,1645100.00,24.49
1/25/2011,24.65,24.89,24.02,24.68,1271500.00,24.68
1/26/2011,24.71,24.88,24.10,24.75,1079900.00,24.75
1/27/2011,24.74,25.08,24.53,24.92,895700.00,24.92
1/28/2011,24.88,24.88,23.75,24.01,1048400.00,24.01
1/31/2011,24.05,24.12,23.50,24.10,830300.00,24.10
2/1/2011,24.31,24.73,23.54,23.91,707800.00,23.91
2/2/2011,24.16,24.18,23.67,23.94,569500.00,23.94
2/3/2011,23.82,23.90,23.15,23.63,512000.00,23.63
2/4/2011,23.44,23.67,23.22,23.46,544000.00,23.46
2/7/2011,23.26,23.26,22.88,23.07,895100.00,23.07
2/8/2011,23.78,25.25,23.00,24.49,3504900.00,24.49
2/9/2011,24.13,24.18,22.79,23.21,2635600.00,23.21
2/10/2011,23.26,23.64,22.81,23.22,836100.00,23.22
2/11/2011,23.25,23.75,22.94,23.25,634500.00,23.25
2/14/2011,23.64,24.14,23.05,23.08,1283100.00,23.08
2/15/2011,23.01,23.17,22.56,22.84,953700.00,22.84
2/16/2011,23.10,24.97,23.07,24.73,4115100.00,24.73
2/17/2011,24.63,25.49,23.55,23.60,2618400.00,23.60
2/18/2011,23.33,23.49,22.96,23.18,2370700.00,23.18
2/22/2011,22.88,23.00,21.78,21.87,2064600.00,21.87
2/23/2011,22.18,22.50,21.11,21.83,1605600.00,21.83
2/24/2011,21.78,22.58,21.50,22.53,1055300.00,22.53
2/25/2011,22.81,23.85,22.69,23.61,1346300.00,23.61
2/28/2011,23.74,24.10,23.50,23.89,1051200.00,23.89
3/1/2011,24.05,24.32,23.70,23.94,1106400.00,23.94
3/2/2011,23.82,24.28,23.73,24.02,663300.00,24.02
3/3/2011,24.48,24.79,24.06,24.36,640200.00,24.36
3/4/2011,24.48,24.99,23.78,24.95,1580100.00,24.95
3/7/2011,24.93,25.40,24.70,24.94,2033600.00,24.94
3/8/2011,24.60,24.96,24.00,24.66,1399900.00,24.66
3/9/2011,24.66,24.99,24.27,24.72,924800.00,24.72
3/10/2011,24.44,24.49,23.73,24.01,1017000.00,24.01
3/11/2011,23.85,24.25,23.53,24.07,930800.00,24.07
3/14/2011,23.82,24.00,23.20,23.25,1166000.00,23.25
3/15/2011,22.20,22.96,21.80,22.95,1318800.00,22.95
3/16/2011,22.86,23.25,22.69,22.82,1169700.00,22.82
3/17/2011,23.24,23.43,22.64,22.81,922600.00,22.81
3/18/2011,23.19,23.19,22.51,22.96,687900.00,22.96
3/21/2011,23.05,23.05,22.54,22.73,411700.00,22.73
3/22/2011,22.73,22.86,22.00,22.19,582900.00,22.19
3/23/2011,22.11,22.27,21.77,22.21,422800.00,22.21
3/24/2011,22.14,22.38,21.98,22.33,462200.00,22.33
3/25/2011,22.43,23.00,22.40,22.75,568000.00,22.75
3/28/2011,22.70,23.54,22.55,23.25,1058100.00,23.25
3/29/2011,23.30,24.00,23.21,23.92,755400.00,23.92
3/30/2011,24.11,24.49,23.01,23.71,1223300.00,23.71
3/31/2011,26.55,28.71,26.50,27.75,11517800.00,27.75
4/1/2011,27.45,28.18,26.57,26.66,2864800.00,26.66
4/4/2011,26.83,27.00,25.23,25.83,2609300.00,25.83
4/5/2011,25.90,27.00,25.69,26.70,3180900.00,26.70
4/6/2011,26.99,27.01,25.80,26.49,1288300.00,26.49
4/7/2011,26.85,27.94,26.45,27.24,2810300.00,27.24
4/8/2011,27.58,27.60,26.36,26.49,1946400.00,26.49
4/11/2011,26.47,26.53,25.02,25.27,1369400.00,25.27
4/12/2011,25.08,25.21,24.30,24.65,1357400.00,24.65
4/13/2011,25.13,25.69,24.81,24.93,1211500.00,24.93
4/14/2011,24.87,25.28,24.20,25.14,983400.00,25.14
4/15/2011,25.65,26.18,25.41,25.58,943500.00,25.58
4/18/2011,25.13,25.62,24.36,25.03,1033900.00,25.03
4/19/2011,25.26,25.26,24.65,25.16,548700.00,25.16
4/20/2011,25.70,26.09,25.30,25.75,837200.00,25.75
4/21/2011,25.85,26.98,25.59,26.74,1386100.00,26.74
4/25/2011,26.70,26.73,25.97,26.39,800900.00,26.39
4/26/2011,26.66,27.25,26.31,26.93,1400000.00,26.93
4/27/2011,26.93,27.36,26.63,27.08,996900.00,27.08
4/28/2011,27.07,27.69,26.72,27.66,1600000.00,27.66
4/29/2011,27.69,27.87,27.42,27.60,726000.00,27.60
5/2/2011,27.60,27.80,27.06,27.45,784600.00,27.45
5/3/2011,27.38,27.39,26.50,26.87,913900.00,26.87
5/4/2011,26.78,27.00,25.75,26.69,1044500.00,26.69
5/5/2011,27.20,27.44,26.17,26.44,1218500.00,26.44
5/6/2011,26.90,27.70,26.62,27.12,981700.00,27.12
5/9/2011,27.00,28.00,26.85,27.91,916400.00,27.91
5/10/2011,28.24,28.95,27.91,28.33,1535300.00,28.33
5/11/2011,28.20,28.30,26.92,27.07,962500.00,27.07
5/12/2011,27.07,27.74,26.65,27.67,628000.00,27.67
5/13/2011,28.00,28.19,27.30,27.55,661500.00,27.55
5/16/2011,27.99,27.99,26.55,26.60,755700.00,26.60
5/17/2011,27.00,27.00,25.72,25.96,1234200.00,25.96
5/18/2011,26.10,26.47,25.52,26.35,729500.00,26.35
5/19/2011,27.03,28.44,26.60,28.20,2655100.00,28.20
5/20/2011,28.26,28.28,27.35,27.97,842500.00,27.97
5/23/2011,27.62,27.62,26.62,26.82,863600.00,26.82
5/24/2011,27.02,27.50,26.60,26.72,613700.00,26.72
5/25/2011,26.90,29.01,26.17,28.98,4693100.00,28.98
5/26/2011,28.82,29.76,28.10,29.48,3336900.00,29.48
5/27/2011,29.54,29.67,28.82,29.55,1687100.00,29.55
5/31/2011,29.69,30.28,29.55,30.14,3290500.00,30.14
6/1/2011,30.00,30.10,28.38,28.52,1529900.00,28.52
6/2/2011,28.52,29.32,28.51,28.76,986300.00,28.76
6/3/2011,29.95,31.50,29.50,30.13,6209200.00,30.13
6/6/2011,30.10,30.13,28.26,28.70,2331100.00,28.70
6/7/2011,28.94,29.39,28.26,28.37,1222100.00,28.37
6/8/2011,28.44,28.60,27.02,27.12,1695900.00,27.12
6/9/2011,27.43,28.10,27.10,27.62,1603200.00,27.62
6/10/2011,27.52,28.30,27.35,27.86,1566600.00,27.86
6/13/2011,28.07,28.88,27.88,28.43,1713400.00,28.43
6/14/2011,28.54,29.70,28.52,28.60,1573400.00,28.60
6/15/2011,28.44,28.45,27.07,27.32,1345000.00,27.32
6/16/2011,27.67,28.00,25.74,26.50,1842200.00,26.50
6/17/2011,26.87,27.70,26.14,26.50,1714000.00,26.50
6/20/2011,26.29,26.46,25.50,26.01,1537800.00,26.01
6/21/2011,26.24,27.73,26.00,27.53,1496000.00,27.53
6/22/2011,27.37,28.25,27.10,27.21,1475600.00,27.21
6/23/2011,27.20,27.72,26.21,27.71,1170000.00,27.71
6/24/2011,27.64,27.97,27.26,27.57,3608500.00,27.57
6/27/2011,27.73,28.28,27.31,27.46,1809400.00,27.46
6/28/2011,27.79,28.25,27.67,28.11,889200.00,28.11
6/29/2011,28.50,29.09,28.07,28.29,1461800.00,28.29
6/30/2011,28.50,29.33,28.40,29.13,946700.00,29.13
7/1/2011,29.07,29.60,28.80,29.02,854900.00,29.02
7/5/2011,29.02,29.52,28.71,29.14,996000.00,29.14
7/6/2011,29.14,29.14,28.55,28.96,926900.00,28.96
7/7/2011,29.14,30.00,29.01,29.73,1327900.00,29.73
7/8/2011,29.89,29.89,28.59,28.81,1240600.00,28.81
7/11/2011,28.40,28.53,28.00,28.35,975800.00,28.35
7/12/2011,28.37,29.09,28.00,28.17,1045400.00,28.17
7/13/2011,28.43,29.03,27.90,28.64,1066000.00,28.64
7/14/2011,28.53,28.96,27.25,27.61,1159000.00,27.61
7/15/2011,27.79,27.83,27.40,27.58,709000.00,27.58
7/18/2011,27.34,27.45,26.63,27.23,851900.00,27.23
7/19/2011,27.58,28.11,27.54,27.89,1026100.00,27.89
7/20/2011,28.00,30.44,27.80,28.69,3048300.00,28.69
7/21/2011,28.91,29.16,28.10,28.70,1011500.00,28.70
7/22/2011,28.70,29.54,28.55,29.29,583500.00,29.29
7/25/2011,29.01,29.25,28.44,28.49,673300.00,28.49
7/26/2011,28.31,28.77,27.97,28.00,760600.00,28.00
7/27/2011,28.50,28.50,27.51,27.64,958500.00,27.64
7/28/2011,27.60,28.55,27.54,28.17,938700.00,28.17
7/29/2011,27.80,28.40,27.50,28.17,948200.00,28.17
8/1/2011,28.67,28.98,28.21,28.77,1164900.00,28.77
8/2/2011,28.69,29.20,27.27,27.34,1549400.00,27.34
8/3/2011,27.50,27.83,26.34,27.20,1794500.00,27.20
8/4/2011,26.51,26.89,24.67,24.75,3064500.00,24.75
8/5/2011,24.99,25.38,22.83,24.24,1964400.00,24.24
8/8/2011,23.10,24.44,23.10,23.64,2608500.00,23.64
8/9/2011,24.15,25.45,23.70,25.06,1333400.00,25.06
8/10/2011,25.44,25.44,23.63,23.82,1564200.00,23.82
8/11/2011,24.04,25.75,24.00,25.30,836500.00,25.30
8/12/2011,25.60,27.14,25.36,26.31,1009100.00,26.31
8/15/2011,26.62,26.75,25.93,26.23,738600.00,26.23
8/16/2011,26.13,26.54,25.83,26.10,537700.00,26.10
8/17/2011,26.39,26.65,25.51,25.83,643700.00,25.83
8/18/2011,25.00,25.15,23.47,24.26,1056600.00,24.26
8/19/2011,23.86,24.22,22.00,22.30,1375300.00,22.30
8/22/2011,23.11,23.80,21.68,21.95,986100.00,21.95
8/23/2011,21.93,23.11,21.50,22.96,869000.00,22.96
8/24/2011,23.10,23.93,22.83,23.87,684300.00,23.87
8/25/2011,23.87,23.87,22.90,23.11,679800.00,23.11
8/26/2011,22.71,23.95,22.07,23.73,761800.00,23.73
8/29/2011,24.22,24.85,24.02,24.71,803400.00,24.71
8/30/2011,24.50,24.77,24.09,24.63,366200.00,24.63
8/31/2011,24.80,25.50,24.28,24.74,823800.00,24.74
9/1/2011,24.66,24.87,23.84,24.00,848100.00,24.00
9/2/2011,23.66,23.99,22.68,23.07,769900.00,23.07
9/6/2011,22.50,23.20,22.29,22.94,809800.00,22.94
9/7/2011,23.39,24.00,23.28,23.84,459200.00,23.84
9/8/2011,23.58,24.03,23.28,23.61,505700.00,23.61
9/9/2011,23.37,23.57,22.55,22.97,669300.00,22.97
9/12/2011,22.50,23.31,22.45,22.88,566600.00,22.88
9/13/2011,23.01,24.10,22.75,24.08,726500.00,24.08
9/14/2011,24.25,24.84,23.79,24.34,830800.00,24.34
9/15/2011,24.58,24.93,24.33,24.82,562600.00,24.82
9/16/2011,24.78,25.84,24.49,25.80,1417100.00,25.80
9/19/2011,24.95,25.81,23.82,25.77,1157400.00,25.77
9/20/2011,25.98,26.60,25.67,26.01,1180400.00,26.01
9/21/2011,25.95,26.95,25.70,25.85,987600.00,25.85
9/22/2011,25.64,26.11,24.88,25.63,775800.00,25.63
9/23/2011,25.49,26.62,25.35,26.38,1156400.00,26.38
9/26/2011,26.52,26.52,24.90,25.52,934800.00,25.52
9/27/2011,26.00,26.99,25.57,26.19,674500.00,26.19
9/28/2011,26.00,26.50,24.51,24.59,723300.00,24.59
9/29/2011,25.72,25.82,23.55,24.12,929600.00,24.12
9/30/2011,24.80,24.89,23.49,24.39,1336100.00,24.39
10/3/2011,24.95,25.00,23.25,23.73,1023200.00,23.73
10/4/2011,23.29,24.32,22.93,23.66,1200300.00,23.66
10/5/2011,24.03,25.84,23.35,25.37,1229500.00,25.37
10/6/2011,25.37,27.60,25.02,26.96,1769100.00,26.96
10/7/2011,26.98,27.60,26.05,26.99,1311600.00,26.99
10/10/2011,27.31,28.18,27.00,27.88,923500.00,27.88
10/11/2011,27.51,27.77,27.09,27.61,575700.00,27.61
10/12/2011,27.25,28.00,27.20,27.80,1123400.00,27.80
10/13/2011,27.63,28.47,27.44,27.94,1043500.00,27.94
10/14/2011,28.00,28.55,27.26,28.05,1400500.00,28.05
10/17/2011,27.86,28.00,27.26,27.42,754500.00,27.42
10/18/2011,27.30,28.43,26.71,28.34,999700.00,28.34
10/19/2011,28.02,28.06,27.30,27.57,792900.00,27.57
10/20/2011,27.44,27.47,27.00,27.34,999700.00,27.34
10/21/2011,27.40,28.30,27.01,28.03,1142600.00,28.03
10/24/2011,27.87,28.89,27.75,28.55,940600.00,28.55
10/25/2011,28.23,28.86,27.80,28.25,654400.00,28.25
10/26/2011,28.19,28.37,27.40,27.98,510500.00,27.98
10/27/2011,28.34,28.95,28.11,28.76,869400.00,28.76
10/28/2011,28.50,30.00,28.01,29.87,1264000.00,29.87
10/31/2011,29.50,29.51,28.75,29.37,1134000.00,29.37
11/1/2011,28.39,28.92,28.00,28.88,635200.00,28.88
11/2/2011,29.00,29.26,28.25,28.71,875300.00,28.71
11/3/2011,30.00,32.49,29.53,32.46,2509700.00,32.46
11/4/2011,31.46,32.40,30.51,32.31,3032900.00,32.31
11/7/2011,31.64,32.00,30.75,31.27,1266300.00,31.27
11/8/2011,31.37,32.00,30.72,31.84,1167900.00,31.84
11/9/2011,30.87,31.49,30.30,30.88,953700.00,30.88
11/10/2011,30.94,31.50,30.65,31.33,747300.00,31.33
11/11/2011,31.90,34.50,30.57,33.64,3868300.00,33.64
11/14/2011,33.00,33.54,32.62,33.22,1325700.00,33.22
11/15/2011,32.92,34.40,32.73,33.93,891000.00,33.93
11/16/2011,33.48,35.00,33.40,34.94,1833200.00,34.94
11/17/2011,34.50,34.90,33.19,33.68,1349300.00,33.68
11/18/2011,33.64,34.11,32.54,32.60,902800.00,32.60
11/21/2011,32.44,32.44,31.05,31.76,1031600.00,31.76
11/22/2011,31.76,32.79,31.05,32.07,732600.00,32.07
11/23/2011,31.76,32.05,31.25,31.45,451800.00,31.45
11/25/2011,31.55,32.41,31.08,31.66,239600.00,31.66
11/28/2011,32.00,33.28,31.81,32.56,681200.00,32.56
11/29/2011,32.49,33.07,31.63,31.75,591100.00,31.75
11/30/2011,32.50,32.93,32.22,32.74,760300.00,32.74
12/1/2011,32.57,33.99,31.98,32.60,1030200.00,32.60
12/2/2011,32.83,33.69,32.40,33.30,802800.00,33.30
12/5/2011,33.53,35.00,33.43,34.42,1160100.00,34.42
12/6/2011,34.20,34.98,34.03,34.87,951800.00,34.87
12/7/2011,34.63,34.89,33.80,34.19,674300.00,34.19
12/8/2011,30.84,31.65,29.61,30.89,3305800.00,30.89
12/9/2011,30.54,31.12,30.28,31.04,1239500.00,31.04
12/12/2011,30.44,30.62,30.02,30.41,758700.00,30.41
12/13/2011,30.57,30.93,28.91,29.45,994100.00,29.45
12/14/2011,29.50,29.68,28.00,28.53,1163900.00,28.53
12/15/2011,28.67,29.17,28.12,28.62,700300.00,28.62
12/16/2011,28.79,28.93,27.98,28.00,1029700.00,28.00
12/19/2011,28.09,28.50,27.37,27.75,987000.00,27.75
12/20/2011,28.05,28.45,27.72,27.90,843300.00,27.90
12/21/2011,27.91,28.07,26.03,27.57,1705500.00,27.57
12/22/2011,27.60,28.05,27.30,27.77,1009400.00,27.77
12/23/2011,28.00,28.00,27.52,27.90,591400.00,27.90
12/27/2011,27.66,28.77,27.64,28.57,777500.00,28.57
12/28/2011,28.99,29.24,28.04,28.51,575200.00,28.51
12/29/2011,28.59,29.34,28.55,28.73,488200.00,28.73
12/30/2011,28.49,28.98,28.25,28.56,339800.00,28.56
1/3/2012,28.94,29.50,27.65,28.08,928100.00,28.08
1/4/2012,28.21,28.67,27.50,27.71,630100.00,27.71
1/5/2012,27.76,27.93,26.85,27.12,1005500.00,27.12
1/6/2012,27.20,27.79,26.41,26.91,986300.00,26.91
1/9/2012,27.00,27.49,26.12,27.25,897000.00,27.25
1/10/2012,27.44,27.76,27.25,27.62,671800.00,27.62
1/11/2012,27.62,28.38,27.30,28.23,672300.00,28.23
1/12/2012,28.48,28.62,27.81,28.25,729300.00,28.25
1/13/2012,28.40,28.50,22.64,22.79,5500400.00,22.79
1/17/2012,26.62,27.34,26.41,26.60,4651600.00,26.60
1/18/2012,26.69,26.88,26.25,26.81,1260200.00,26.81
1/19/2012,27.19,27.74,26.61,26.76,1246300.00,26.76
1/20/2012,26.90,27.00,26.40,26.60,662300.00,26.60
1/23/2012,26.81,27.21,26.60,26.77,594600.00,26.77
1/24/2012,26.63,27.68,26.44,27.42,858000.00,27.42
1/25/2012,27.27,28.01,27.05,27.97,611200.00,27.97
1/26/2012,28.07,29.58,28.00,28.94,1271100.00,28.94
1/27/2012,28.50,29.72,28.50,29.33,748400.00,29.33
1/30/2012,29.49,29.61,28.53,29.57,729000.00,29.57
1/31/2012,29.90,30.00,28.87,29.07,956400.00,29.07
2/1/2012,29.07,29.70,29.00,29.58,523200.00,29.58
2/2/2012,29.72,30.88,29.61,30.25,805700.00,30.25
2/3/2012,30.41,31.33,30.25,31.15,764500.00,31.15
2/6/2012,31.10,31.90,31.05,31.80,652100.00,31.80
2/7/2012,31.80,31.80,30.82,31.60,1021600.00,31.60
2/8/2012,31.60,32.01,31.29,31.93,623700.00,31.93
2/9/2012,32.00,32.90,31.43,32.58,1277100.00,32.58
2/10/2012,32.26,32.27,29.84,31.10,1874200.00,31.10
2/13/2012,31.55,32.06,30.90,31.49,1157900.00,31.49
2/14/2012,31.74,33.79,31.40,33.17,1810800.00,33.17
2/15/2012,33.10,34.41,32.27,33.60,2761800.00,33.60
2/16/2012,33.50,34.51,32.54,34.18,2219700.00,34.18
2/17/2012,33.99,34.97,33.50,34.97,1376700.00,34.97
2/21/2012,34.87,34.87,33.81,34.50,1135800.00,34.50
2/22/2012,34.50,34.72,32.50,34.22,1654600.00,34.22
2/23/2012,33.99,34.97,33.56,34.53,820400.00,34.53
2/24/2012,34.23,34.52,33.27,33.75,959900.00,33.75
2/27/2012,33.41,34.00,33.00,33.62,606000.00,33.62
2/28/2012,33.64,34.44,33.17,33.81,612200.00,33.81
2/29/2012,33.81,34.12,33.14,33.41,535700.00,33.41
3/1/2012,33.51,34.50,33.31,34.41,703500.00,34.41
3/2/2012,34.40,34.50,33.71,34.04,550000.00,34.04
3/5/2012,34.35,34.40,33.46,33.77,467000.00,33.77
3/6/2012,33.25,33.28,32.62,33.11,573800.00,33.11
3/7/2012,33.12,33.31,32.91,33.12,364900.00,33.12
3/8/2012,33.11,33.49,33.04,33.07,633300.00,33.07
3/9/2012,33.20,35.31,33.20,34.74,1553400.00,34.74
3/12/2012,34.69,36.29,34.60,36.01,1963300.00,36.01
3/13/2012,36.51,36.59,35.50,36.09,1001600.00,36.09
3/14/2012,36.00,36.00,34.80,35.29,851500.00,35.29
3/15/2012,35.28,35.48,34.78,35.00,571600.00,35.00
3/16/2012,34.90,35.89,34.83,35.32,729300.00,35.32
3/19/2012,35.26,35.32,34.54,34.98,1015600.00,34.98
3/20/2012,34.98,35.20,34.57,34.96,567000.00,34.96
3/21/2012,34.94,35.30,34.60,35.15,607200.00,35.15
3/22/2012,34.97,35.15,34.30,34.40,522400.00,34.40
3/23/2012,34.26,34.63,33.15,34.08,1170600.00,34.08
3/26/2012,35.59,38.09,35.04,37.40,3140500.00,37.40
3/27/2012,37.16,39.95,37.03,37.94,2539200.00,37.94
3/28/2012,37.78,38.44,37.11,37.85,955000.00,37.85
3/29/2012,38.19,38.19,37.03,37.33,796400.00,37.33
3/30/2012,37.52,37.94,36.68,37.24,886400.00,37.24
4/2/2012,37.33,37.97,36.53,36.58,1028600.00,36.58
4/3/2012,36.70,38.47,36.67,38.01,1098100.00,38.01
4/4/2012,35.27,35.49,34.69,35.00,4481800.00,35.00
4/5/2012,35.10,35.44,34.41,34.48,1509400.00,34.48
4/9/2012,34.10,34.29,33.10,33.15,1655700.00,33.15
4/10/2012,33.15,33.85,32.10,32.46,1847700.00,32.46
4/11/2012,33.24,33.29,32.01,33.09,1105500.00,33.09
4/12/2012,33.77,34.48,32.92,33.44,1033900.00,33.44
4/13/2012,33.94,34.04,32.85,33.59,649600.00,33.59
4/16/2012,33.41,33.70,32.09,32.25,1099600.00,32.25
4/17/2012,32.43,33.07,32.04,32.24,1115500.00,32.24
4/18/2012,32.09,32.75,31.53,32.66,823100.00,32.66
4/19/2012,32.75,33.43,32.50,33.16,774900.00,33.16
4/20/2012,33.14,33.73,32.94,33.16,821800.00,33.16
4/23/2012,32.86,32.97,31.71,31.94,890800.00,31.94
4/24/2012,31.82,32.20,31.00,31.82,674500.00,31.82
4/25/2012,32.07,32.99,32.07,32.91,712200.00,32.91
4/26/2012,32.96,33.52,32.91,33.49,425300.00,33.49
4/27/2012,33.60,33.63,32.91,33.34,591000.00,33.34
4/30/2012,33.27,33.36,32.58,33.13,413900.00,33.13
5/1/2012,33.13,34.21,33.13,33.78,659000.00,33.78
5/2/2012,33.50,34.39,33.39,33.94,497300.00,33.94
5/3/2012,33.91,34.00,32.13,32.46,841300.00,32.46
5/4/2012,32.32,32.46,31.40,31.83,1247500.00,31.83
5/7/2012,31.96,32.58,31.61,32.47,1158000.00,32.47
5/8/2012,32.50,32.73,29.37,30.19,3097200.00,30.19
5/9/2012,30.30,30.77,29.76,30.06,1947900.00,30.06
5/10/2012,32.97,34.68,32.40,32.96,5556300.00,32.96
5/11/2012,32.49,33.44,32.16,32.25,1221300.00,32.25
5/14/2012,31.92,32.13,30.05,30.06,1380900.00,30.06
5/15/2012,30.26,30.96,29.22,29.43,1585700.00,29.43
5/16/2012,29.58,30.18,28.88,29.18,1257100.00,29.18
5/17/2012,29.30,29.79,28.24,28.57,1149000.00,28.57
5/18/2012,28.37,28.46,26.83,27.56,1616500.00,27.56
5/21/2012,27.58,29.26,27.12,28.77,1475200.00,28.77
5/22/2012,30.10,31.34,30.00,30.80,2366200.00,30.80
5/23/2012,30.56,31.05,29.50,31.02,1220400.00,31.02
5/24/2012,31.25,31.25,29.69,30.28,1075600.00,30.28
5/25/2012,30.16,30.41,29.20,29.81,757000.00,29.81
5/29/2012,30.01,31.93,30.01,31.69,1650000.00,31.69
5/30/2012,31.08,31.42,30.24,30.41,1307200.00,30.41
5/31/2012,30.07,30.29,28.75,29.50,1118700.00,29.50
6/1/2012,28.53,29.16,27.76,28.15,885800.00,28.15
6/4/2012,28.03,28.41,27.11,27.88,1030900.00,27.88
6/5/2012,27.84,28.39,27.56,27.91,630900.00,27.91
6/6/2012,28.20,29.45,28.14,29.22,909900.00,29.22
6/7/2012,29.81,29.87,28.85,28.93,492100.00,28.93
6/8/2012,28.86,30.19,28.15,30.08,881100.00,30.08
6/11/2012,30.31,31.00,28.96,29.12,636000.00,29.12
6/12/2012,29.23,29.84,28.81,29.66,569000.00,29.66
6/13/2012,29.55,30.64,29.47,29.77,844100.00,29.77
6/14/2012,30.18,30.65,28.62,29.39,872200.00,29.39
6/15/2012,29.39,29.95,28.81,29.91,646800.00,29.91
6/18/2012,29.94,32.33,29.50,31.84,1256800.00,31.84
6/19/2012,32.02,32.66,31.50,32.09,911100.00,32.09
6/20/2012,33.50,34.50,33.21,33.78,3422400.00,33.78
6/21/2012,34.26,34.28,31.84,32.19,1891900.00,32.19
6/22/2012,32.60,33.98,32.46,33.79,3046600.00,33.79
6/25/2012,33.94,34.12,32.75,33.11,1498500.00,33.11
6/26/2012,32.05,32.35,31.39,31.61,2613900.00,31.61
6/27/2012,31.90,32.45,31.57,31.96,1047200.00,31.96
6/28/2012,31.90,32.11,30.62,31.41,914100.00,31.41
6/29/2012,32.80,32.80,31.00,31.29,1125800.00,31.29
7/2/2012,31.35,31.80,30.19,30.40,1315600.00,30.40
7/3/2012,30.60,31.00,30.40,30.66,947000.00,30.66
7/5/2012,30.81,31.67,30.80,31.23,1253800.00,31.23
7/6/2012,30.99,31.73,30.80,30.99,784500.00,30.99
7/9/2012,30.94,31.83,30.67,31.49,910500.00,31.49
7/10/2012,31.54,32.48,30.89,31.27,758400.00,31.27
7/11/2012,31.57,31.68,31.01,31.51,638600.00,31.51
7/12/2012,31.29,33.01,30.80,32.70,1125700.00,32.70
7/13/2012,32.97,34.40,32.83,34.25,1304800.00,34.25
7/16/2012,34.32,36.00,33.90,35.96,1744000.00,35.96
7/17/2012,35.00,35.21,32.38,33.35,2569300.00,33.35
7/18/2012,31.42,33.67,31.06,32.15,2881900.00,32.15
7/19/2012,32.72,33.15,32.04,32.27,1435900.00,32.27
7/20/2012,32.07,32.25,31.25,31.79,1568500.00,31.79
7/23/2012,31.05,31.30,30.62,30.66,1386800.00,30.66
7/24/2012,30.66,31.04,29.62,29.84,1500300.00,29.84
7/25/2012,29.92,29.98,28.75,28.95,2842200.00,28.95
7/26/2012,29.90,30.00,27.64,28.13,2262300.00,28.13
7/27/2012,28.71,29.66,28.10,29.51,1673000.00,29.51
7/30/2012,29.51,30.25,27.21,27.35,2065200.00,27.35
7/31/2012,27.54,27.97,27.35,27.42,1575100.00,27.42
8/1/2012,27.99,27.99,26.03,26.25,1592300.00,26.25
8/2/2012,26.84,26.85,25.52,26.10,1305100.00,26.10
8/3/2012,26.90,27.55,26.74,27.27,1209500.00,27.27
8/6/2012,27.55,28.70,27.55,28.27,1528200.00,28.27
8/7/2012,28.77,30.90,28.50,30.25,2387200.00,30.25
8/8/2012,29.90,30.00,28.59,29.09,1308900.00,29.09
8/9/2012,29.52,30.00,29.13,29.41,672600.00,29.41
8/10/2012,29.31,29.94,29.31,29.94,707400.00,29.94
8/13/2012,29.69,31.30,29.10,31.17,870100.00,31.17
8/14/2012,30.75,31.17,29.26,29.42,793400.00,29.42
8/15/2012,29.39,29.70,28.81,29.40,525400.00,29.40
8/16/2012,29.53,30.39,29.50,30.30,669000.00,30.30
8/17/2012,30.29,30.71,29.98,30.01,508200.00,30.01
8/20/2012,30.15,30.39,29.10,29.51,1179100.00,29.51
8/21/2012,29.58,30.00,29.00,29.11,761600.00,29.11
8/22/2012,29.01,30.04,29.01,29.95,775500.00,29.95
8/23/2012,30.00,30.85,29.65,30.73,1471000.00,30.73
8/24/2012,30.06,30.24,29.41,29.50,1429400.00,29.50
8/27/2012,29.57,29.70,28.17,28.32,1350400.00,28.32
8/28/2012,28.40,29.38,28.00,28.69,1402700.00,28.69
8/29/2012,28.49,28.64,28.02,28.41,838900.00,28.41
8/30/2012,28.60,28.74,28.10,28.41,656400.00,28.41
8/31/2012,28.61,28.84,28.20,28.52,539800.00,28.52
9/4/2012,28.52,28.99,27.90,28.14,752500.00,28.14
9/5/2012,28.01,28.50,27.81,27.94,639300.00,27.94
9/6/2012,28.00,28.90,27.90,28.55,841700.00,28.55
9/7/2012,28.55,29.57,28.50,29.35,953200.00,29.35
9/10/2012,29.20,29.35,27.30,27.37,1483300.00,27.37
9/11/2012,27.76,28.16,27.40,27.80,1014900.00,27.80
9/12/2012,27.90,28.58,27.80,28.28,1145200.00,28.28
9/13/2012,28.57,29.50,28.48,29.48,1484700.00,29.48
9/14/2012,30.00,30.65,29.65,30.39,1536600.00,30.39
9/17/2012,32.35,32.78,31.51,32.54,3212800.00,32.54
9/18/2012,31.88,31.90,30.68,31.34,1788500.00,31.34
9/19/2012,31.00,31.74,30.94,31.05,1048500.00,31.05
9/20/2012,30.93,31.50,30.68,30.90,912400.00,30.90
9/21/2012,31.10,31.49,29.54,30.02,1870000.00,30.02
9/24/2012,29.51,31.03,29.40,30.66,1301900.00,30.66
9/25/2012,28.62,29.48,27.53,27.66,5680400.00,27.66
9/26/2012,27.66,28.40,27.48,27.54,1527200.00,27.54
9/27/2012,27.82,28.54,27.60,28.49,1758600.00,28.49
9/28/2012,28.73,29.89,28.61,29.28,4343400.00,29.28
10/1/2012,29.50,29.89,29.00,29.16,884400.00,29.16
10/2/2012,29.28,29.89,29.00,29.80,729000.00,29.80
10/3/2012,29.75,29.95,29.24,29.30,1052800.00,29.30
10/4/2012,30.00,30.10,28.65,29.40,1541300.00,29.40
10/5/2012,29.70,29.81,28.68,28.89,938600.00,28.89
10/8/2012,28.86,29.40,28.61,29.25,889700.00,29.25
10/9/2012,29.12,29.12,28.25,28.37,1193000.00,28.37
10/10/2012,28.39,28.72,28.01,28.40,503600.00,28.40
10/11/2012,28.94,28.98,28.25,28.32,450600.00,28.32
10/12/2012,28.32,28.73,27.50,27.64,987600.00,27.64
10/15/2012,28.02,28.05,26.86,27.33,1468700.00,27.33
10/16/2012,27.67,28.09,27.34,28.06,479300.00,28.06
10/17/2012,28.25,28.84,27.80,28.82,668000.00,28.82
10/18/2012,28.99,28.99,27.78,28.04,741000.00,28.04
10/19/2012,27.83,28.20,27.30,27.74,1027400.00,27.74
10/22/2012,27.99,28.00,27.36,27.85,470200.00,27.85
10/23/2012,27.38,28.56,27.37,28.39,749000.00,28.39
10/24/2012,28.52,28.52,27.25,27.42,1016400.00,27.42
10/25/2012,27.80,27.80,27.45,27.52,577700.00,27.52
10/26/2012,27.53,27.80,27.02,27.38,477400.00,27.38
10/31/2012,27.70,28.35,27.37,28.13,775200.00,28.13
11/1/2012,28.25,29.49,28.20,29.25,1024100.00,29.25
11/2/2012,29.27,29.55,28.55,28.92,1030300.00,28.92
11/5/2012,29.80,31.58,29.33,31.50,2048900.00,31.50
11/6/2012,30.61,31.20,29.95,31.15,2324000.00,31.15
11/7/2012,31.00,32.05,30.81,31.54,1714500.00,31.54
11/8/2012,31.01,31.88,30.94,31.31,1274000.00,31.31
11/9/2012,30.60,30.93,29.85,30.32,863000.00,30.32
11/12/2012,30.29,31.42,30.16,31.07,555900.00,31.07
11/13/2012,31.29,32.00,30.72,31.61,998300.00,31.61
11/14/2012,31.96,32.12,31.20,31.38,871300.00,31.38
11/15/2012,31.30,31.44,30.50,30.82,984000.00,30.82
11/16/2012,31.15,32.00,30.59,31.84,908700.00,31.84
11/19/2012,32.07,33.25,31.84,32.92,1392400.00,32.92
11/20/2012,32.80,33.10,31.91,33.00,922500.00,33.00
11/21/2012,32.61,33.47,32.29,32.47,963200.00,32.47
11/23/2012,32.60,32.83,31.70,32.13,430300.00,32.13
11/26/2012,32.10,32.30,31.62,32.27,495800.00,32.27
11/27/2012,32.13,32.66,31.52,32.15,910800.00,32.15
11/28/2012,32.00,34.29,31.91,33.23,1525200.00,33.23
11/29/2012,33.44,34.00,32.87,33.69,1103400.00,33.69
11/30/2012,33.63,34.28,33.01,33.82,1420300.00,33.82
12/3/2012,33.89,35.00,33.50,34.62,2085700.00,34.62
12/4/2012,34.08,34.80,33.55,33.90,1263300.00,33.90
12/5/2012,33.82,34.19,33.58,33.71,661500.00,33.71
12/6/2012,33.82,34.80,33.50,33.90,660400.00,33.90
12/7/2012,34.30,34.49,33.85,34.17,664400.00,34.17
12/10/2012,34.43,34.80,34.18,34.57,929800.00,34.57
12/11/2012,34.60,35.50,34.46,35.28,1572600.00,35.28
12/12/2012,35.21,35.80,34.95,35.26,2063800.00,35.26
12/13/2012,35.26,35.30,32.75,33.61,2151300.00,33.61
12/14/2012,33.78,34.40,33.59,33.81,1023000.00,33.81
12/17/2012,33.77,34.50,33.75,34.40,824900.00,34.40
12/18/2012,34.26,35.07,34.26,34.59,1553900.00,34.59
12/19/2012,34.75,35.26,34.52,34.61,1298800.00,34.61
12/20/2012,34.51,34.79,34.05,34.43,921200.00,34.43
12/21/2012,33.94,34.17,33.58,34.00,1492400.00,34.00
12/24/2012,33.64,34.35,33.55,34.28,375800.00,34.28
12/26/2012,33.96,34.50,33.50,33.59,601400.00,33.59
12/27/2012,33.50,33.91,33.00,33.69,561100.00,33.69
12/28/2012,33.38,33.65,33.02,33.22,414100.00,33.22
12/31/2012,33.00,33.97,33.00,33.87,594900.00,33.87
1/2/2013,35.00,35.45,34.71,35.36,1194800.00,35.36
1/3/2013,35.18,35.45,34.75,34.77,742000.00,34.77
1/4/2013,34.80,34.80,33.92,34.40,674000.00,34.40
1/7/2013,34.80,34.80,33.90,34.34,442000.00,34.34
1/8/2013,34.50,34.50,33.11,33.68,1284000.00,33.68
1/9/2013,34.01,34.19,33.40,33.64,698000.00,33.64
1/10/2013,33.87,33.99,33.38,33.53,922500.00,33.53
1/11/2013,34.04,34.04,32.11,32.91,1563200.00,32.91
1/14/2013,33.08,33.38,32.85,33.26,925100.00,33.26
1/15/2013,33.11,34.25,33.08,33.90,1624200.00,33.90
1/16/2013,33.85,34.23,33.73,34.10,1378200.00,34.10
1/17/2013,34.16,34.85,33.92,34.38,1436700.00,34.38
1/18/2013,34.74,34.78,33.82,34.52,3555100.00,34.52
1/22/2013,34.56,35.55,34.26,35.19,1920200.00,35.19
1/23/2013,35.02,36.24,34.96,36.00,1564300.00,36.00
1/24/2013,36.00,37.72,35.84,36.99,1970400.00,36.99
1/25/2013,37.00,37.54,36.80,36.98,1287800.00,36.98
1/28/2013,36.86,38.71,36.86,38.03,1986000.00,38.03
1/29/2013,38.10,38.44,37.13,37.95,1426600.00,37.95
1/30/2013,37.85,38.00,37.43,37.52,968100.00,37.52
1/31/2013,37.87,37.87,36.93,37.51,901400.00,37.51
2/1/2013,38.17,38.50,37.62,38.30,1100600.00,38.30
2/4/2013,38.40,38.42,37.59,37.74,1128000.00,37.74
2/5/2013,38.00,38.65,37.68,38.13,1310200.00,38.13
2/6/2013,38.18,39.39,37.90,39.17,1893200.00,39.17
2/7/2013,39.19,39.68,38.95,39.48,1196600.00,39.48
2/8/2013,39.45,40.00,39.14,39.24,1139800.00,39.24
2/11/2013,37.98,39.15,37.50,38.42,3266300.00,38.42
2/12/2013,38.45,38.87,37.29,37.89,2261300.00,37.89
2/13/2013,38.30,39.00,38.05,38.45,966800.00,38.45
2/14/2013,38.64,38.75,38.21,38.27,990700.00,38.27
2/15/2013,38.50,38.51,36.95,37.04,2017600.00,37.04
2/19/2013,37.36,39.29,37.31,39.28,2701400.00,39.28
2/20/2013,39.30,39.65,38.46,38.54,3122000.00,38.54
2/21/2013,36.49,37.39,34.54,35.16,9037800.00,35.16
2/22/2013,35.72,36.39,35.60,36.11,2547300.00,36.11
2/25/2013,36.15,36.75,34.34,34.38,2889400.00,34.38
2/26/2013,34.46,34.96,33.80,34.43,2762900.00,34.43
2/27/2013,34.41,35.41,34.40,35.10,1959200.00,35.10
2/28/2013,35.89,36.10,34.37,34.83,1964900.00,34.83
3/1/2013,35.00,35.08,34.25,34.65,1546600.00,34.65
3/4/2013,34.77,35.83,34.70,35.58,1757700.00,35.58
3/5/2013,36.00,36.92,35.79,36.65,2087000.00,36.65
3/6/2013,37.01,37.88,36.97,37.69,1150000.00,37.69
3/7/2013,37.73,38.65,36.88,38.23,1158300.00,38.23
3/8/2013,38.06,39.44,37.36,38.47,912100.00,38.47
3/11/2013,38.87,39.44,38.65,39.10,1579500.00,39.10
3/12/2013,38.90,39.38,38.85,39.12,1275100.00,39.12
3/13/2013,39.00,39.49,38.81,38.98,822000.00,38.98
3/14/2013,38.90,38.91,36.77,36.85,2021000.00,36.85
3/15/2013,36.64,36.65,35.21,35.29,3279600.00,35.29
3/18/2013,35.30,36.06,34.92,35.15,1316100.00,35.15
3/19/2013,35.25,35.60,34.94,35.08,1098500.00,35.08
3/20/2013,35.26,36.07,35.16,35.95,1423000.00,35.95
3/21/2013,35.95,37.06,35.74,36.01,1146300.00,36.01
3/22/2013,36.20,36.80,36.20,36.62,440200.00,36.62
3/25/2013,37.10,38.52,36.77,37.53,2378800.00,37.53
3/26/2013,37.98,38.22,37.66,37.86,1808200.00,37.86
3/27/2013,37.94,38.38,37.31,38.16,1296300.00,38.16
3/28/2013,38.23,38.24,37.75,37.89,1158700.00,37.89
4/1/2013,42.36,46.68,41.70,43.93,14098500.00,43.93
4/2/2013,43.60,45.50,43.51,44.34,6652400.00,44.34
4/3/2013,43.10,43.47,40.21,41.10,5643600.00,41.10
4/4/2013,41.11,42.25,40.81,42.01,2264800.00,42.01
4/5/2013,42.00,42.00,40.50,41.37,1552400.00,41.37
4/8/2013,41.97,42.55,41.51,41.83,1679000.00,41.83
4/9/2013,41.80,41.83,40.33,40.50,1696100.00,40.50
4/10/2013,40.70,42.01,40.61,41.86,2121100.00,41.86
4/11/2013,42.06,44.55,41.75,43.59,3447400.00,43.59
4/12/2013,43.25,45.14,43.05,43.75,3149400.00,43.75
4/15/2013,43.50,43.80,42.51,43.30,1681400.00,43.30
4/16/2013,44.19,46.14,43.91,45.59,3180400.00,45.59
4/17/2013,45.50,45.95,44.54,45.45,2118500.00,45.45
4/18/2013,45.98,47.60,45.39,46.97,3367900.00,46.97
4/19/2013,47.46,49.88,47.07,47.83,3011700.00,47.83
4/22/2013,48.60,50.20,47.75,50.19,3939400.00,50.19
4/23/2013,51.00,52.92,50.66,51.01,3733800.00,51.01
4/24/2013,50.90,51.05,48.98,50.43,2630000.00,50.43
4/25/2013,50.50,52.40,50.50,52.00,2795900.00,52.00
4/26/2013,53.13,53.74,50.62,51.20,3622100.00,51.20
4/29/2013,51.76,54.99,51.20,54.94,3639700.00,54.94
4/30/2013,56.00,58.18,53.76,53.99,5522600.00,53.99
5/1/2013,55.99,55.99,53.00,53.28,2742800.00,53.28
5/2/2013,53.85,55.27,53.70,54.11,3050400.00,54.11
5/3/2013,56.47,56.47,54.50,54.55,3378700.00,54.55
5/6/2013,56.39,59.66,55.50,59.50,4366700.00,59.50
5/7/2013,62.00,62.37,55.12,55.51,9991000.00,55.51
5/8/2013,57.50,58.20,55.71,55.79,6769900.00,55.79
5/9/2013,70.12,75.77,63.69,69.40,28605000.00,69.40
5/10/2013,69.65,81.00,69.25,76.76,25082600.00,76.76
5/13/2013,80.99,88.00,79.15,87.80,22416900.00,87.80
5/14/2013,94.22,97.12,81.15,83.24,37163900.00,83.24
5/15/2013,81.80,86.88,78.11,84.84,16878700.00,84.84
5/16/2013,94.70,95.00,88.66,92.25,21614000.00,92.25
5/17/2013,92.50,94.44,87.50,91.50,19002200.00,91.50
5/20/2013,91.12,92.50,88.63,89.94,8348400.00,89.94
5/21/2013,88.50,89.99,85.28,87.59,8998200.00,87.59
5/22/2013,86.37,90.96,85.50,87.24,8568000.00,87.24
5/23/2013,84.81,93.01,83.05,92.73,12022200.00,92.73
5/24/2013,92.60,97.95,92.00,97.08,16124200.00,97.08
5/28/2013,101.55,110.75,100.30,110.33,19691900.00,110.33
5/29/2013,113.55,114.90,99.00,104.63,25099500.00,104.63
5/30/2013,102.46,109.54,101.20,104.95,16133700.00,104.95
5/31/2013,106.26,106.44,97.73,97.76,15172000.00,97.76
6/3/2013,97.62,97.62,88.25,92.59,19139600.00,92.59
6/4/2013,92.75,96.42,92.40,94.84,8856100.00,94.84
6/5/2013,93.66,97.97,89.11,95.37,12224800.00,95.37
6/6/2013,95.25,99.27,95.11,97.35,9510900.00,97.35
6/7/2013,98.00,102.90,96.70,102.04,10711600.00,102.04
6/10/2013,98.93,102.52,98.57,100.05,9228600.00,100.05
6/11/2013,98.18,98.68,94.05,94.47,7394000.00,94.47
6/12/2013,96.80,100.48,95.75,97.73,9192700.00,97.73
6/13/2013,99.00,99.28,95.12,98.18,5961600.00,98.18
6/14/2013,100.00,102.52,99.33,100.30,6564700.00,100.30
6/17/2013,103.60,104.75,101.20,102.20,7066200.00,102.20
6/18/2013,101.75,103.98,99.20,103.39,8795300.00,103.39
6/19/2013,102.06,106.67,102.01,104.68,8578900.00,104.68
6/20/2013,104.65,107.13,99.45,100.65,10106500.00,100.65
6/21/2013,103.70,103.70,97.50,99.55,11718600.00,99.55
6/24/2013,96.50,102.87,95.30,101.49,7119800.00,101.49
6/25/2013,103.10,104.20,100.55,102.40,5848700.00,102.40
6/26/2013,103.80,105.87,102.66,105.72,6602600.00,105.72
6/27/2013,106.75,110.25,106.13,109.25,8744900.00,109.25
6/28/2013,108.57,109.44,106.71,107.36,5748600.00,107.36
7/1/2013,109.36,117.77,109.15,117.18,10903600.00,117.18
7/2/2013,118.25,121.89,115.50,117.82,12064100.00,117.82
7/3/2013,118.00,119.25,114.27,115.24,4806700.00,115.24
7/5/2013,118.32,120.28,115.70,120.09,6818700.00,120.09
7/8/2013,121.37,122.18,118.82,121.61,7814200.00,121.61
7/9/2013,124.64,125.32,121.91,123.45,8603300.00,123.45
7/10/2013,123.19,123.25,120.79,122.27,5600100.00,122.27
7/11/2013,124.88,126.09,122.35,125.61,7483600.00,125.61
7/12/2013,125.50,129.94,124.51,129.90,11344000.00,129.90
7/15/2013,133.03,133.26,126.82,127.26,9922400.00,127.26
7/16/2013,126.28,126.32,107.30,109.05,32371900.00,109.05
7/17/2013,106.52,121.62,104.50,120.25,26029000.00,120.25
7/18/2013,120.97,122.73,116.18,119.03,11398100.00,119.03
7/19/2013,118.50,120.55,116.51,119.68,5890300.00,119.68
7/22/2013,119.89,126.68,119.88,122.43,9797800.00,122.43
7/23/2013,124.00,125.56,121.82,122.74,7736400.00,122.74
7/24/2013,124.47,124.50,119.56,121.70,6869000.00,121.70
7/25/2013,120.40,124.75,120.19,124.07,5284300.00,124.07
7/26/2013,128.14,130.68,126.61,129.39,9633100.00,129.39
7/29/2013,129.32,135.37,128.25,134.62,9678900.00,134.62
7/30/2013,134.80,137.49,128.18,131.74,13127000.00,131.74
7/31/2013,132.57,134.97,131.45,134.28,6351700.00,134.28
8/1/2013,135.00,136.52,132.63,135.55,5323600.00,135.55
8/2/2013,134.59,138.25,133.61,138.00,6269900.00,138.00
8/5/2013,140.01,144.89,139.65,144.68,10200700.00,144.68
8/6/2013,144.75,145.73,141.10,142.15,9254500.00,142.15
8/7/2013,141.89,141.95,132.36,134.23,18212200.00,134.23
8/8/2013,154.35,158.88,150.46,153.48,27246800.00,153.48
8/9/2013,152.40,155.95,151.25,153.00,8927700.00,153.00
8/12/2013,149.43,150.50,142.05,147.38,14912200.00,147.38
8/13/2013,149.50,149.84,144.45,145.43,8748900.00,145.43
8/14/2013,142.72,144.84,138.05,139.36,11693800.00,139.36
8/15/2013,136.43,143.60,135.00,139.67,10179200.00,139.67
8/16/2013,141.63,143.91,140.97,142.00,7108100.00,142.00
8/19/2013,143.43,147.38,142.83,144.90,8037700.00,144.90
8/20/2013,148.65,149.78,147.00,149.58,6418200.00,149.58
8/21/2013,150.00,150.31,146.25,147.86,6266300.00,147.86
8/22/2013,149.22,157.48,148.14,157.10,10592400.00,157.10
8/23/2013,157.00,162.30,155.00,161.84,12931900.00,161.84
8/26/2013,165.15,173.00,160.25,164.22,24171100.00,164.22
8/27/2013,162.30,168.80,160.95,167.01,17566900.00,167.01
8/28/2013,169.06,171.50,163.25,166.45,14740100.00,166.45
8/29/2013,164.22,167.75,162.51,166.06,9436000.00,166.06
8/30/2013,166.37,169.21,163.96,169.00,11028400.00,169.00
9/3/2013,173.40,173.70,166.40,168.94,12061100.00,168.94
9/4/2013,169.77,171.62,165.56,170.62,11475700.00,170.62
9/5/2013,170.10,171.50,168.25,169.93,6685300.00,169.93
9/6/2013,168.57,169.70,165.15,166.97,8619700.00,166.97
9/9/2013,163.12,164.50,158.51,160.70,14344500.00,160.70
9/10/2013,161.45,167.50,160.63,166.37,8967800.00,166.37
9/11/2013,166.41,167.90,162.13,163.52,5832500.00,163.52
9/12/2013,164.00,166.76,160.51,164.93,6160000.00,164.93
9/13/2013,162.77,166.37,162.16,165.54,5401200.00,165.54
9/16/2013,168.00,170.85,165.85,166.58,7574900.00,166.58
9/17/2013,165.08,168.42,163.36,166.23,5496900.00,166.23
9/18/2013,167.07,167.45,164.20,166.22,5439700.00,166.22
9/19/2013,170.80,180.47,169.08,177.92,15594600.00,177.92
9/20/2013,178.90,185.83,178.56,183.39,13401700.00,183.39
9/23/2013,184.48,185.48,177.11,181.11,8173400.00,181.11
9/24/2013,179.14,184.96,177.65,182.33,6273400.00,182.33
9/25/2013,183.56,186.30,180.50,185.24,8252700.00,185.24
9/26/2013,186.70,189.68,185.61,188.64,6614400.00,188.64
9/27/2013,187.52,191.28,186.43,190.90,5916400.00,190.90
9/30/2013,189.00,194.50,188.00,193.37,8924700.00,193.37
10/1/2013,193.96,194.23,188.37,193.00,7755900.00,193.00
10/2/2013,188.59,191.83,175.40,180.95,20775400.00,180.95
10/3/2013,175.05,179.69,168.00,173.31,23816500.00,173.31
10/4/2013,176.40,181.18,172.65,180.98,14414000.00,180.98
10/7/2013,182.46,186.73,180.26,183.07,11485600.00,183.07
10/8/2013,184.40,185.93,173.21,174.73,13757200.00,174.73
10/9/2013,174.73,174.99,161.50,168.78,15316500.00,168.78
10/10/2013,173.09,175.75,169.69,172.93,8883900.00,172.93
10/11/2013,172.75,179.29,171.20,178.70,8311100.00,178.70
10/14/2013,175.00,182.50,174.15,179.72,7769600.00,179.72
10/15/2013,185.28,188.79,183.18,183.94,10978500.00,183.94
10/16/2013,184.90,187.30,182.09,183.56,8205400.00,183.56
10/17/2013,183.54,184.80,180.99,182.80,6705000.00,182.80
10/18/2013,184.15,185.96,182.52,183.40,5930800.00,183.40
10/21/2013,183.28,183.39,171.00,172.60,11532100.00,172.60
10/22/2013,170.50,177.78,166.11,171.54,11386700.00,171.54
10/23/2013,168.91,171.81,160.15,164.50,13320400.00,164.50
10/24/2013,165.00,174.50,162.83,173.15,10825700.00,173.15
10/25/2013,174.21,174.50,166.80,169.66,7595500.00,169.66
10/28/2013,170.18,170.50,162.20,162.86,7841700.00,162.86
10/29/2013,162.76,165.45,153.00,164.47,14111700.00,164.47
10/30/2013,164.63,167.68,158.17,159.22,8401800.00,159.22
10/31/2013,155.67,162.44,153.30,159.94,9333800.00,159.94
11/1/2013,163.00,165.90,160.41,162.17,7180600.00,162.17
11/4/2013,165.00,175.39,164.22,175.20,13120400.00,175.20
11/5/2013,180.00,181.43,171.36,176.81,22467100.00,176.81
11/6/2013,154.81,160.73,146.35,151.16,31071700.00,151.16
11/7/2013,144.19,145.65,137.62,139.77,22284700.00,139.77
11/8/2013,136.48,140.60,132.32,137.95,22477900.00,137.95
11/11/2013,141.00,145.42,137.10,144.70,13997600.00,144.70
11/12/2013,144.69,144.70,136.18,137.80,14985200.00,137.80
11/13/2013,140.84,142.37,136.34,138.70,12658300.00,138.70
11/14/2013,138.92,140.40,134.11,137.60,12203700.00,137.60
11/15/2013,136.85,137.95,134.35,135.45,9900200.00,135.45
11/18/2013,135.27,135.45,119.61,121.58,23138200.00,121.58
11/19/2013,119.43,129.00,119.22,126.09,19816200.00,126.09
11/20/2013,126.08,127.45,119.06,121.11,13849600.00,121.11
11/21/2013,122.89,124.79,120.25,122.10,11903800.00,122.10
11/22/2013,121.58,122.75,117.93,121.38,11096700.00,121.38
11/25/2013,124.50,125.84,120.30,120.84,10267300.00,120.84
11/26/2013,119.38,122.72,116.10,120.50,13885500.00,120.50
11/27/2013,121.31,126.95,119.52,126.94,12367600.00,126.94
11/29/2013,129.77,130.59,126.98,127.28,9716200.00,127.28
12/2/2013,126.35,128.55,123.93,124.17,7751200.00,124.17
12/3/2013,132.68,144.94,131.59,144.70,25682400.00,144.70
12/4/2013,144.32,144.43,137.13,138.95,13147700.00,138.95
12/5/2013,140.15,143.35,139.50,140.48,9288400.00,140.48
12/6/2013,141.51,142.49,136.30,137.36,7909600.00,137.36
12/9/2013,137.00,141.70,134.21,141.60,9061500.00,141.60
12/10/2013,140.05,145.87,139.86,142.19,10748200.00,142.19
12/11/2013,141.88,143.05,139.49,139.65,7137800.00,139.65
12/12/2013,139.70,148.24,138.53,147.47,10767800.00,147.47
12/13/2013,148.05,151.80,147.32,147.65,10591900.00,147.65
12/16/2013,148.48,150.43,146.10,147.94,6675300.00,147.94
12/17/2013,147.58,154.63,146.32,152.46,10495000.00,152.46
12/18/2013,152.24,154.90,145.95,147.98,11581900.00,147.98
12/19/2013,146.90,147.00,139.10,140.72,12740000.00,140.72
12/20/2013,141.58,144.35,141.58,143.24,7412600.00,143.24
12/23/2013,144.85,146.24,142.60,143.55,5385500.00,143.55
12/24/2013,150.00,154.97,149.82,151.41,9941500.00,151.41
12/26/2013,155.04,158.00,154.29,155.50,7129500.00,155.50
12/27/2013,155.30,155.50,150.80,151.12,5460200.00,151.12
12/30/2013,151.12,154.81,150.75,152.44,4467500.00,152.44
12/31/2013,152.32,153.20,148.66,150.43,4262400.00,150.43
1/2/2014,149.80,152.48,146.55,150.10,6188400.00,150.10
1/3/2014,150.00,152.19,148.60,149.56,4695000.00,149.56
1/6/2014,150.00,150.40,145.24,147.00,5361100.00,147.00
1/7/2014,147.62,150.40,145.25,149.36,5034100.00,149.36
1/8/2014,148.85,153.70,148.76,151.28,6163200.00,151.28
1/9/2014,152.50,153.43,146.85,147.53,5382000.00,147.53
1/10/2014,148.46,148.90,142.25,145.72,7446100.00,145.72
1/13/2014,145.78,147.00,137.82,139.34,6316100.00,139.34
1/14/2014,140.50,162.00,136.67,161.27,27607000.00,161.27
1/15/2014,168.45,172.23,162.10,164.13,20465600.00,164.13
1/16/2014,162.50,172.70,162.40,170.97,11959400.00,170.97
1/17/2014,170.19,173.20,167.95,170.01,9206200.00,170.01
1/21/2014,171.24,177.29,170.81,176.68,9734700.00,176.68
1/22/2014,177.81,180.32,174.76,178.56,7022600.00,178.56
1/23/2014,177.23,182.38,173.42,181.50,7867400.00,181.50
1/24/2014,177.85,180.48,173.53,174.60,7664300.00,174.60
1/27/2014,175.16,177.92,164.71,169.62,8716400.00,169.62
1/28/2014,171.50,178.98,171.00,178.38,6093400.00,178.38
1/29/2014,175.30,179.09,173.13,175.23,5935500.00,175.23
1/30/2014,178.00,184.78,177.01,182.84,8565000.00,182.84
1/31/2014,178.85,186.00,178.51,181.41,6508800.00,181.41
2/3/2014,182.89,184.88,175.16,177.11,6764900.00,177.11
2/4/2014,180.70,181.60,176.20,178.73,4686300.00,178.73
2/5/2014,178.30,180.59,169.36,174.42,7268000.00,174.42
2/6/2014,176.30,180.11,176.00,178.38,5841600.00,178.38
2/7/2014,181.01,186.63,179.60,186.53,8928500.00,186.53
2/10/2014,189.34,199.30,189.32,196.56,12970700.00,196.56
2/11/2014,198.97,202.20,192.70,196.62,10709900.00,196.62
2/12/2014,195.78,198.27,194.32,195.32,5173700.00,195.32
2/13/2014,193.34,202.72,193.25,199.63,8029300.00,199.63
2/14/2014,198.10,201.88,197.00,198.23,6158000.00,198.23
2/18/2014,205.24,206.00,201.36,203.70,9332800.00,203.70
2/19/2014,203.70,203.70,193.41,193.64,16169000.00,193.64
2/20/2014,215.01,215.21,206.27,209.97,18002300.00,209.97
2/21/2014,211.64,213.98,209.19,209.60,7818800.00,209.60
2/24/2014,208.76,218.36,208.32,217.65,8278400.00,217.65
2/25/2014,230.00,259.20,228.45,248.00,32681700.00,248.00
2/26/2014,258.58,265.00,247.50,253.00,24604600.00,253.00
2/27/2014,261.25,261.90,248.33,252.54,17945800.00,252.54
2/28/2014,249.65,252.68,242.55,244.81,14589800.00,244.81
3/3/2014,237.26,251.65,234.99,250.56,13089300.00,250.56
3/4/2014,258.48,260.00,252.83,254.84,8745600.00,254.84
3/5/2014,256.72,256.99,251.80,252.66,5935700.00,252.66
3/6/2014,254.14,257.50,249.45,252.94,7361100.00,252.94
3/7/2014,252.94,254.85,244.41,246.21,7812300.00,246.21
3/10/2014,242.70,243.00,236.06,238.84,7728100.00,238.84
3/11/2014,236.50,244.60,232.43,234.41,8810100.00,234.41
3/12/2014,231.50,247.50,231.11,241.49,9754400.00,241.49
3/13/2014,243.79,244.19,234.00,237.79,6236300.00,237.79
3/14/2014,235.29,236.94,228.32,230.97,8289700.00,230.97
3/17/2014,234.95,237.93,230.50,233.98,5912600.00,233.98
3/18/2014,236.95,241.50,235.02,240.04,6242300.00,240.04
3/19/2014,241.39,241.55,233.51,235.84,5071300.00,235.84
3/20/2014,236.16,239.25,233.36,234.91,3817900.00,234.91
3/21/2014,236.02,236.20,227.50,228.89,8216900.00,228.89
3/24/2014,229.75,229.90,210.27,220.17,11328800.00,220.17
3/25/2014,224.14,227.05,217.90,220.44,7865400.00,220.44
3/26/2014,221.95,222.60,211.35,212.96,6907300.00,212.96
3/27/2014,212.37,213.60,203.00,207.32,9495700.00,207.32
3/28/2014,212.80,216.72,210.27,212.37,9684800.00,212.37
3/31/2014,216.50,216.75,206.39,208.45,8380000.00,208.45
4/1/2014,209.02,218.16,208.58,216.97,7371400.00,216.97
4/2/2014,220.00,230.89,218.05,230.29,10782300.00,230.29
4/3/2014,230.30,235.73,222.00,225.40,10923700.00,225.40
4/4/2014,226.01,228.27,211.25,212.23,11345600.00,212.23
4/7/2014,205.81,216.20,203.51,207.52,9855500.00,207.52
4/8/2014,210.05,216.49,206.42,215.46,6889300.00,215.46
4/9/2014,216.76,218.45,210.89,216.93,5157900.00,216.93
4/10/2014,216.82,217.50,203.79,204.19,7211500.00,204.19
4/11/2014,200.61,207.00,198.60,203.78,9067200.00,203.78
4/14/2014,207.60,208.44,194.41,198.09,7703000.00,198.09
4/15/2014,199.09,199.29,184.32,193.91,13659300.00,193.91
4/16/2014,197.00,199.99,190.82,199.11,7202200.00,199.11
4/17/2014,199.61,202.29,194.08,198.12,5926800.00,198.12
4/21/2014,197.08,206.20,194.00,204.38,5258200.00,204.38
4/22/2014,206.36,219.33,205.01,218.64,9804700.00,218.64
4/23/2014,216.33,216.74,207.00,207.99,7295600.00,207.99
4/24/2014,210.81,212.80,203.20,207.86,5495200.00,207.86
4/25/2014,202.00,206.70,197.65,199.85,6996700.00,199.85
4/28/2014,200.00,203.79,190.50,198.51,7042000.00,198.51
4/29/2014,198.21,207.15,195.53,206.92,5779100.00,206.92
4/30/2014,203.60,208.16,201.28,207.89,4440600.00,207.89
5/1/2014,207.08,214.02,205.69,207.73,5439900.00,207.73
5/2/2014,208.60,211.36,206.52,210.91,4086800.00,210.91
5/5/2014,209.48,217.69,208.52,216.61,5147000.00,216.61
5/6/2014,216.60,218.66,206.85,207.28,5636700.00,207.28
5/7/2014,209.64,210.20,197.25,201.35,10179300.00,201.35
5/8/2014,182.00,194.40,178.00,178.59,20056600.00,178.59
5/9/2014,179.86,183.40,177.22,182.26,8495200.00,182.26
5/12/2014,183.87,187.19,179.88,184.67,7002300.00,184.67
5/13/2014,183.76,191.34,183.00,190.16,7097200.00,190.16
5/14/2014,188.95,193.48,187.10,190.62,5406700.00,190.62
5/15/2014,189.98,192.66,185.30,188.59,6040400.00,188.59
5/16/2014,188.95,192.04,187.72,191.56,4487700.00,191.56
5/19/2014,190.72,196.89,190.00,196.09,4571700.00,196.09
5/20/2014,196.94,199.33,193.07,195.30,5546100.00,195.30
5/21/2014,196.18,199.87,194.79,199.45,5285400.00,199.45
5/22/2014,200.35,206.88,199.56,204.88,6214500.00,204.88
5/23/2014,204.53,207.76,202.50,207.30,4006800.00,207.30
5/27/2014,208.52,213.87,207.70,211.56,5341100.00,211.56
5/28/2014,210.02,212.77,205.26,210.24,5495100.00,210.24
5/29/2014,210.57,212.49,207.72,210.24,3692500.00,210.24
5/30/2014,210.30,214.80,207.02,207.77,5581100.00,207.77
6/2/2014,207.33,209.35,201.67,204.70,4668100.00,204.70
6/3/2014,203.49,208.00,202.59,204.94,3860800.00,204.94
6/4/2014,204.35,206.26,200.40,203.99,3427400.00,203.99
6/5/2014,204.47,209.20,204.05,206.90,4054600.00,206.90
6/6/2014,209.75,210.81,207.18,208.17,3073800.00,208.17
6/9/2014,207.95,209.99,204.20,205.31,2805700.00,205.31
6/10/2014,204.43,206.97,201.55,202.30,3514700.00,202.30
6/11/2014,201.50,205.00,199.25,204.47,3977500.00,204.47
6/12/2014,205.10,209.88,202.71,203.52,5993700.00,203.52
6/13/2014,204.78,206.79,201.58,206.42,3544300.00,206.42
6/16/2014,206.76,225.49,206.26,224.61,13246400.00,224.61
6/17/2014,224.11,235.54,222.85,231.67,13304900.00,231.67
6/18/2014,231.50,231.71,226.12,227.12,6940200.00,227.12
6/19/2014,228.88,235.31,227.00,227.79,8793100.00,227.79
6/20/2014,228.52,231.29,226.20,229.59,4903900.00,229.59
6/23/2014,229.51,238.99,228.22,237.22,7791100.00,237.22
6/24/2014,238.97,241.88,231.63,232.50,8075900.00,232.50
6/25/2014,233.05,237.55,230.24,236.89,5801600.00,236.89
6/26/2014,237.17,240.40,234.21,235.60,5121400.00,235.60
6/27/2014,234.69,240.00,234.50,239.06,5635000.00,239.06
6/30/2014,239.55,244.49,239.00,240.06,4828600.00,240.06
7/1/2014,242.46,243.44,238.70,239.72,4336100.00,239.72
7/2/2014,240.66,242.33,227.07,229.43,8027400.00,229.43
7/3/2014,231.29,231.90,224.00,229.25,5166700.00,229.25
7/7/2014,227.50,229.78,220.40,222.66,5893700.00,222.66
7/8/2014,218.65,220.96,214.27,219.07,7836200.00,219.07
7/9/2014,221.27,224.22,219.21,223.06,4115400.00,223.06
7/10/2014,217.18,222.22,216.04,219.46,4863900.00,219.46
7/11/2014,220.61,221.60,217.60,218.13,3302300.00,218.13
7/14/2014,219.99,228.79,215.45,226.70,7203200.00,226.70
7/15/2014,226.73,227.65,218.10,219.58,5718500.00,219.58
7/16/2014,221.82,224.80,216.82,217.16,4044500.00,217.16
7/17/2014,216.16,220.55,213.60,215.40,4649400.00,215.40
7/18/2014,215.95,221.21,215.93,220.02,4253700.00,220.02
7/21/2014,217.25,223.21,216.72,220.54,3822200.00,220.54
7/22/2014,222.19,223.30,219.11,219.58,2730000.00,219.58
7/23/2014,220.01,224.75,219.43,222.49,3083300.00,222.49
7/24/2014,223.25,225.10,220.80,223.54,3245500.00,223.54
7/25/2014,222.72,226.97,221.75,223.57,3087100.00,223.57
7/28/2014,224.25,232.00,221.40,224.82,6514300.00,224.82
7/29/2014,226.61,228.30,224.86,225.01,3382400.00,225.01
7/30/2014,221.92,229.60,221.04,228.92,4927800.00,228.92
7/31/2014,229.26,231.40,221.50,223.30,7749100.00,223.30
8/1/2014,226.09,237.50,226.00,233.27,11895800.00,233.27
8/4/2014,234.38,240.50,233.27,238.52,5959700.00,238.52
8/5/2014,237.47,242.99,235.69,238.49,5388600.00,238.49
8/6/2014,238.90,251.42,238.58,248.93,9249300.00,248.93
8/7/2014,250.12,256.69,249.12,252.39,7478900.00,252.39
8/8/2014,251.16,251.76,246.50,248.13,5090100.00,248.13
8/11/2014,255.48,263.74,255.00,259.32,8101300.00,259.32
8/12/2014,258.08,260.30,254.58,259.96,6382300.00,259.96
8/13/2014,262.01,265.64,259.61,260.31,6932600.00,260.31
8/14/2014,262.49,263.00,256.50,261.38,4126600.00,261.38
8/15/2014,261.48,262.09,258.50,262.01,3867900.00,262.01
8/18/2014,263.25,267.26,259.75,259.94,5849200.00,259.94
8/19/2014,258.87,259.33,251.62,256.76,5334800.00,256.76
8/20/2014,254.67,258.74,253.00,255.71,3027900.00,255.71
8/21/2014,256.52,258.80,253.26,254.34,2915600.00,254.34
8/22/2014,254.54,256.95,252.61,256.78,2833400.00,256.78
8/25/2014,258.19,263.68,258.19,262.55,4318100.00,262.55
8/26/2014,264.98,265.50,261.66,261.74,3818000.00,261.74
8/27/2014,263.50,264.24,260.29,263.25,2985100.00,263.25
8/28/2014,261.89,264.48,261.64,263.86,2844900.00,263.86
8/29/2014,268.70,272.00,267.51,269.70,6447100.00,269.70
9/2/2014,275.50,284.89,274.30,284.12,9852400.00,284.12
9/3/2014,287.67,288.00,280.10,281.19,6772300.00,281.19
9/4/2014,284.01,291.42,280.40,286.04,8341700.00,286.04
9/5/2014,282.55,282.90,272.51,277.39,11169900.00,277.39
9/8/2014,277.62,284.88,277.52,282.11,5501600.00,282.11
9/9/2014,282.99,285.49,277.00,278.48,4558800.00,278.48
9/10/2014,279.50,281.41,273.66,281.10,3781300.00,281.10
9/11/2014,280.46,284.79,278.63,280.31,3766100.00,280.31
9/12/2014,280.50,282.39,277.00,279.20,3324600.00,279.20
9/15/2014,274.37,274.40,249.13,253.86,16455400.00,253.86
9/16/2014,255.15,262.46,252.42,260.74,8300100.00,260.74
9/17/2014,262.41,264.70,259.50,261.38,5177700.00,261.38
9/18/2014,263.36,265.60,262.32,263.82,3692600.00,263.82
9/19/2014,257.99,261.43,255.27,259.32,6810900.00,259.32
9/22/2014,255.00,256.02,244.71,250.03,8214100.00,250.03
9/23/2014,245.22,253.80,245.00,250.41,5658700.00,250.41
9/24/2014,251.12,252.84,247.04,252.14,3749500.00,252.14
9/25/2014,252.52,254.96,246.10,246.95,4834200.00,246.95
9/26/2014,248.25,249.73,246.07,246.60,3795400.00,246.60
9/29/2014,244.00,248.64,241.38,245.26,4852700.00,245.26
9/30/2014,246.92,247.65,240.12,242.68,4238300.00,242.68
10/1/2014,242.20,242.66,235.65,240.24,5941700.00,240.24
10/2/2014,250.20,252.79,245.36,251.42,8998200.00,251.42
10/3/2014,253.06,256.50,251.03,255.21,5406300.00,255.21
10/6/2014,259.13,262.49,257.80,260.62,7713300.00,260.62
10/7/2014,258.53,261.46,255.73,259.57,4485500.00,259.57
10/8/2014,260.10,262.88,252.64,259.28,5055100.00,259.28
10/9/2014,262.25,265.54,254.40,257.01,7361300.00,257.01
10/10/2014,244.64,245.89,235.20,236.91,12888300.00,236.91
10/13/2014,238.57,238.96,221.00,224.59,11268700.00,224.59
10/14/2014,228.25,232.47,223.00,227.06,7105300.00,227.06
10/15/2014,220.00,230.99,217.32,229.70,9147300.00,229.70
10/16/2014,219.72,229.92,219.10,226.35,5399300.00,226.35
10/17/2014,233.38,234.77,226.55,227.48,10549400.00,227.48
10/20/2014,226.72,232.40,225.51,230.47,3494400.00,230.47
10/21/2014,234.27,235.39,230.80,235.34,4130300.00,235.34
10/22/2014,233.19,237.39,230.56,231.10,4116600.00,231.10
10/23/2014,234.66,236.28,232.00,235.29,3492400.00,235.29
10/24/2014,236.27,237.80,231.20,235.24,3463300.00,235.24
10/27/2014,234.25,234.61,220.31,221.67,9553300.00,221.67
10/28/2014,229.60,244.60,228.25,242.77,10516300.00,242.77
10/29/2014,241.13,241.50,235.64,238.10,4962500.00,238.10
10/30/2014,238.14,240.50,235.06,238.66,3228400.00,238.66
10/31/2014,242.51,243.12,238.75,241.70,3775300.00,241.70
11/3/2014,243.00,247.56,241.32,242.59,4203800.00,242.59
11/4/2014,240.49,242.35,236.53,238.93,3682600.00,238.93
11/5/2014,241.00,241.36,230.53,230.97,9045900.00,230.97
11/6/2014,234.49,246.69,228.50,241.22,15354700.00,241.22
11/7/2014,242.19,242.84,237.20,240.20,5161000.00,240.20
11/10/2014,239.11,242.88,236.80,241.93,4577200.00,241.93
11/11/2014,242.55,251.82,242.00,251.08,7948800.00,251.08
11/12/2014,249.72,252.34,245.58,249.10,5870800.00,249.10
11/13/2014,250.62,255.75,250.25,251.70,6236000.00,251.70
11/14/2014,250.00,258.85,248.50,258.68,6101100.00,258.68
11/17/2014,257.49,259.00,252.02,253.98,4025700.00,253.98
11/18/2014,255.86,259.99,255.51,257.70,4473000.00,257.70
11/19/2014,250.61,251.88,245.60,247.74,7918500.00,247.74
11/20/2014,247.95,250.93,246.00,248.71,3587200.00,248.71
11/21/2014,252.21,252.78,242.17,242.78,7485100.00,242.78
11/24/2014,245.20,247.60,240.64,246.72,4789700.00,246.72
11/25/2014,247.35,249.72,246.09,248.09,3159800.00,248.09
11/26/2014,248.34,249.00,246.60,248.44,1981200.00,248.44
11/28/2014,245.35,246.69,242.52,244.52,2119700.00,244.52
12/1/2014,241.16,242.47,229.01,231.64,8619400.00,231.64
12/2/2014,234.57,234.88,228.00,231.43,5887000.00,231.43
12/3/2014,226.25,229.72,225.50,229.30,5307700.00,229.30
12/4/2014,228.60,230.90,227.81,228.28,3855600.00,228.28
12/5/2014,228.67,229.39,222.26,223.71,6063600.00,223.71
12/8/2014,221.54,224.86,212.34,214.36,9225600.00,214.36
12/9/2014,209.34,217.73,204.27,216.89,9431500.00,216.89
12/10/2014,214.13,216.77,207.70,209.84,7314100.00,209.84
12/11/2014,210.53,215.43,208.23,208.88,6694400.00,208.88
12/12/2014,204.82,211.68,204.50,207.00,7173800.00,207.00
12/15/2014,209.29,209.80,202.67,204.04,5218300.00,204.04
12/16/2014,200.89,203.68,195.37,197.81,8426100.00,197.81
12/17/2014,193.06,206.65,192.65,205.82,7367800.00,205.82
12/18/2014,212.38,218.44,211.80,218.26,7483300.00,218.26
12/19/2014,220.19,220.40,214.50,219.29,6910500.00,219.29
12/22/2014,220.00,224.06,218.26,222.60,4799400.00,222.60
12/23/2014,223.81,224.32,219.52,220.97,4505700.00,220.97
12/24/2014,219.77,222.50,219.25,222.26,1332200.00,222.26
12/26/2014,221.51,228.50,221.50,227.82,3327000.00,227.82
12/29/2014,226.90,227.91,224.02,225.71,2802500.00,225.71
12/30/2014,223.99,225.65,221.40,222.23,2903200.00,222.23
12/31/2014,223.09,225.68,222.25,222.41,2297500.00,222.41
1/2/2015,222.87,223.25,213.26,219.31,4764400.00,219.31
1/5/2015,214.55,216.50,207.16,210.09,5368500.00,210.09
1/6/2015,210.06,214.20,204.21,211.28,6261900.00,211.28
1/7/2015,213.35,214.78,209.78,210.95,2968400.00,210.95
1/8/2015,212.81,213.80,210.01,210.62,3442500.00,210.62
1/9/2015,208.92,209.98,204.96,206.66,4668300.00,206.66
1/12/2015,203.05,204.47,199.25,202.21,5950300.00,202.21
1/13/2015,203.32,207.61,200.91,204.25,4477300.00,204.25
1/14/2015,185.83,195.20,185.00,192.69,11513900.00,192.69
1/15/2015,194.49,195.75,190.00,191.87,5216500.00,191.87
1/16/2015,190.70,194.49,189.65,193.07,3603200.00,193.07
1/20/2015,193.87,194.12,187.04,191.93,4503200.00,191.93
1/21/2015,189.55,198.68,189.51,196.57,4153000.00,196.57
1/22/2015,197.00,203.24,195.20,201.62,4116900.00,201.62
1/23/2015,200.29,203.50,198.33,201.29,3438600.00,201.29
1/26/2015,201.83,208.62,201.05,206.55,3234500.00,206.55
1/27/2015,204.42,208.03,203.30,205.98,2781000.00,205.98
1/28/2015,206.11,206.37,198.42,199.37,3149600.00,199.37
1/29/2015,201.07,205.98,196.50,205.20,3548100.00,205.20
1/30/2015,203.96,207.47,203.00,203.60,3007000.00,203.60
2/2/2015,203.97,211.95,203.30,210.94,4149200.00,210.94
2/3/2015,213.22,220.37,211.27,218.36,4826200.00,218.36
2/4/2015,218.29,221.48,216.80,218.55,3305400.00,218.55
2/5/2015,219.88,225.48,219.64,220.99,3522900.00,220.99
2/6/2015,222.00,223.40,216.50,217.36,3243900.00,217.36
2/9/2015,215.38,217.93,211.99,217.48,3472400.00,217.48
2/10/2015,217.55,220.50,215.00,216.29,5390500.00,216.29
2/11/2015,212.21,214.74,207.28,212.80,9769100.00,212.80
2/12/2015,193.57,203.09,193.28,202.88,15649600.00,202.88
2/13/2015,202.90,205.99,200.91,203.77,6191000.00,203.77
2/17/2015,205.70,205.70,201.50,204.35,3979600.00,204.35
2/18/2015,204.17,206.17,202.60,204.46,2713600.00,204.46
2/19/2015,205.00,212.44,203.75,211.71,5154100.00,211.71
2/20/2015,210.78,217.60,209.81,217.11,5982100.00,217.11
2/23/2015,215.66,218.20,206.33,207.34,8499800.00,207.34
2/24/2015,207.29,207.29,201.70,204.11,6603600.00,204.11
2/25/2015,204.94,207.14,202.58,203.76,3909500.00,203.76
2/26/2015,204.00,211.09,202.22,207.19,6472900.00,207.19
2/27/2015,206.90,208.55,202.80,203.34,3882100.00,203.34
3/2/2015,202.70,203.34,195.83,197.33,7922100.00,197.33
3/3/2015,196.81,200.24,195.32,199.56,4432300.00,199.56
3/4/2015,199.25,202.52,197.21,202.44,4222000.00,202.44
3/5/2015,202.85,206.19,200.15,200.63,4877000.00,200.63
3/6/2015,199.21,200.75,192.15,193.88,6712400.00,193.88
3/9/2015,194.39,194.49,188.25,190.88,6736700.00,190.88
3/10/2015,188.46,193.50,187.60,190.32,5579700.00,190.32
3/11/2015,191.15,196.18,191.01,193.74,4974900.00,193.74
3/12/2015,193.75,194.45,189.75,191.07,4149300.00,191.07
3/13/2015,188.95,191.75,187.32,188.68,5434300.00,188.68
3/16/2015,192.00,195.91,189.80,195.70,5628800.00,195.70
3/17/2015,195.43,198.71,193.94,194.73,4894100.00,194.73
3/18/2015,194.96,200.88,193.11,200.71,4820900.00,200.71
3/19/2015,202.00,204.59,194.53,195.65,8475200.00,195.65
3/20/2015,197.45,198.99,195.62,198.08,4269500.00,198.08
3/23/2015,198.50,200.50,197.47,199.63,2631600.00,199.63
3/24/2015,201.58,203.79,199.75,201.72,3649900.00,201.72
3/25/2015,198.27,198.59,192.70,194.30,5730400.00,194.30
3/26/2015,193.92,194.79,189.70,190.41,4128000.00,190.41
3/27/2015,189.07,189.29,181.40,185.00,8604900.00,185.00
3/30/2015,185.85,192.25,181.80,190.57,10089500.00,190.57
3/31/2015,193.53,193.76,188.41,188.77,5026600.00,188.77
4/1/2015,188.70,192.30,186.05,187.59,3794600.00,187.59
4/2/2015,190.23,193.23,190.00,191.00,5010400.00,191.00
4/6/2015,198.00,207.75,197.50,203.10,12455800.00,203.10
4/7/2015,202.51,205.06,201.14,203.25,4347900.00,203.25
4/8/2015,208.20,210.90,205.87,207.67,6303100.00,207.67
4/9/2015,208.43,210.37,206.12,210.09,3800200.00,210.09
4/10/2015,209.85,211.65,209.00,210.90,4067700.00,210.90
4/13/2015,210.44,213.00,209.05,209.78,3758200.00,209.78
4/14/2015,208.57,209.49,205.50,207.46,3026000.00,207.46
4/15/2015,207.46,209.59,206.60,207.83,1952400.00,207.83
4/16/2015,207.70,209.17,206.29,206.70,1659100.00,206.70
4/17/2015,204.99,206.88,203.50,206.79,2469900.00,206.79
4/20/2015,206.78,207.85,203.85,205.27,2559300.00,205.27
4/21/2015,205.80,210.75,204.31,209.41,3432500.00,209.41
4/22/2015,212.50,221.88,211.69,219.44,7863000.00,219.44
4/23/2015,218.27,221.48,217.15,218.60,4411200.00,218.60
4/24/2015,220.50,220.80,218.01,218.43,2427800.00,218.43
4/27/2015,222.56,238.75,222.00,231.55,11672600.00,231.55
4/28/2015,234.75,235.50,228.03,230.48,6085400.00,230.48
4/29/2015,230.05,234.97,227.63,232.45,3936100.00,232.45
4/30/2015,230.39,232.89,225.17,226.05,3911900.00,226.05
5/1/2015,229.94,231.77,220.41,226.03,5281700.00,226.03
5/4/2015,228.18,234.73,227.11,230.51,4434600.00,230.51
5/5/2015,237.76,239.50,229.13,232.95,5796900.00,232.95
5/6/2015,234.10,234.47,228.20,230.43,5270900.00,230.43
5/7/2015,221.00,237.48,220.25,236.80,9455900.00,236.80
5/8/2015,235.99,238.41,233.70,236.61,4668200.00,236.61
5/11/2015,236.29,242.88,235.31,239.49,5672300.00,239.49
5/12/2015,240.11,246.35,238.19,244.74,6363400.00,244.74
5/13/2015,247.61,248.30,242.25,243.18,5440200.00,243.18
5/14/2015,244.82,244.89,241.25,244.10,2895900.00,244.10
5/15/2015,243.93,249.40,242.50,248.84,4527600.00,248.84
5/18/2015,247.00,249.90,246.00,248.75,3353200.00,248.75
5/19/2015,248.43,251.00,246.15,247.14,3674200.00,247.14
5/20/2015,247.13,247.74,241.37,244.35,3755600.00,244.35
5/21/2015,243.03,246.62,242.36,245.62,1970600.00,245.62
5/22/2015,245.38,248.60,245.01,247.73,2223100.00,247.73
5/26/2015,247.68,252.00,246.50,247.46,3498700.00,247.46
5/27/2015,248.51,249.50,245.55,247.43,3408200.00,247.43
5/28/2015,247.03,251.80,245.05,251.45,3647300.00,251.45
5/29/2015,251.00,252.87,249.43,250.80,3789300.00,250.80
6/1/2015,251.41,251.60,247.47,249.45,2505100.00,249.45
6/2/2015,248.92,249.40,246.30,248.35,2134800.00,248.35
6/3/2015,248.20,250.72,247.01,248.99,1775500.00,248.99
6/4/2015,247.50,249.30,245.71,245.92,2453600.00,245.92
6/5/2015,246.00,249.70,245.68,249.14,3022000.00,249.14
6/8/2015,250.85,258.75,250.31,256.29,5017000.00,256.29
6/9/2015,255.40,257.74,254.14,256.00,2611100.00,256.00
6/10/2015,251.90,254.00,248.50,250.70,3454500.00,250.70
6/11/2015,253.26,254.37,250.43,251.41,2044100.00,251.41
6/12/2015,250.21,253.46,250.21,250.69,1422300.00,250.69
6/15/2015,249.70,251.28,246.01,250.38,2186200.00,250.38
6/16/2015,250.13,253.44,249.10,253.12,1984700.00,253.12
6/17/2015,252.17,264.36,252.02,260.41,5512900.00,260.41
6/18/2015,262.00,263.46,260.02,261.89,2782700.00,261.89
6/19/2015,262.40,263.80,260.10,262.51,2463000.00,262.51
6/22/2015,262.15,264.40,255.69,259.79,4561100.00,259.79
6/23/2015,260.32,268.00,258.57,267.67,3870800.00,267.67
6/24/2015,266.98,267.35,263.72,265.17,2412300.00,265.17
6/25/2015,266.45,271.41,265.25,268.79,2849200.00,268.79
6/26/2015,268.89,269.11,266.00,267.09,3838400.00,267.09
6/29/2015,261.95,265.95,260.70,262.02,3478900.00,262.02
6/30/2015,264.80,270.92,264.00,268.26,3086900.00,268.26
7/1/2015,271.11,272.62,267.85,269.15,2101200.00,269.15
7/2/2015,280.20,282.45,273.31,280.02,7163900.00,280.02
7/6/2015,278.88,281.69,276.30,279.72,4121900.00,279.72
7/7/2015,275.00,275.20,260.77,267.88,6105100.00,267.88
7/8/2015,259.32,260.80,254.31,254.96,6221100.00,254.96
7/9/2015,259.08,262.95,256.79,257.92,3325100.00,257.92
7/10/2015,262.22,263.00,257.82,259.15,2610900.00,259.15
7/13/2015,262.25,262.55,256.05,262.16,2960300.00,262.16
7/14/2015,262.10,265.99,260.51,265.65,1907600.00,265.65
7/15/2015,266.74,267.49,262.08,263.14,2021600.00,263.14
7/16/2015,264.22,267.20,263.16,266.68,1616000.00,266.68
7/17/2015,272.50,275.54,268.25,274.66,5004100.00,274.66
7/20/2015,275.00,286.65,272.54,282.26,4978500.00,282.26
7/21/2015,270.05,273.50,266.55,266.77,6108700.00,266.77
7/22/2015,261.27,269.44,260.86,267.87,3105000.00,267.87
7/23/2015,269.65,269.90,265.27,267.20,2227200.00,267.20
7/24/2015,267.38,271.09,263.92,265.41,2836500.00,265.41
7/27/2015,262.43,264.43,250.79,253.01,4694200.00,253.01
7/28/2015,255.75,265.40,251.84,264.82,3895800.00,264.82
7/29/2015,264.27,267.89,262.00,263.82,2790100.00,263.82
7/30/2015,262.69,266.94,262.11,266.79,2034600.00,266.79
7/31/2015,267.60,269.36,265.12,266.15,2222600.00,266.15
8/3/2015,266.29,266.71,257.07,259.99,2553500.00,259.99
8/4/2015,260.01,266.72,258.34,266.28,2352500.00,266.28
8/5/2015,263.58,271.00,260.40,270.13,6214300.00,270.13
8/6/2015,249.54,255.00,236.12,246.13,14623800.00,246.13
8/7/2015,243.58,243.73,238.39,242.51,5073400.00,242.51
8/10/2015,238.15,242.97,236.05,241.14,4185900.00,241.14
8/11/2015,237.15,239.30,234.44,237.37,4264900.00,237.37
8/12/2015,235.00,239.77,232.74,238.17,3728000.00,238.17
8/13/2015,239.86,246.48,239.12,242.51,4689200.00,242.51
8/14/2015,247.24,247.93,241.77,243.15,4364800.00,243.15
8/17/2015,255.56,256.59,250.51,254.99,7176700.00,254.99
8/18/2015,255.38,260.95,253.56,260.72,4195000.00,260.72
8/19/2015,260.33,260.65,255.02,255.25,3596200.00,255.25
8/20/2015,252.06,254.56,241.90,242.18,4905800.00,242.18
8/21/2015,236.00,243.80,230.51,230.77,6590200.00,230.77
8/24/2015,202.79,231.40,195.00,218.87,9581600.00,218.87
8/25/2015,230.52,230.90,219.12,220.03,4327300.00,220.03
8/26/2015,227.93,228.00,215.51,224.84,4963000.00,224.84
8/27/2015,231.00,244.75,230.81,242.99,7656000.00,242.99
8/28/2015,241.86,251.45,241.57,248.48,5513700.00,248.48
8/31/2015,245.62,254.95,245.51,249.06,4700200.00,249.06
9/1/2015,240.34,246.00,236.97,238.63,5454800.00,238.63
9/2/2015,245.30,247.88,239.78,247.69,4629200.00,247.69
9/3/2015,252.06,252.08,245.00,245.57,4194800.00,245.57
9/4/2015,240.89,244.09,238.20,241.93,3689200.00,241.93
9/8/2015,245.05,249.16,244.05,248.17,3138200.00,248.17
9/9/2015,252.05,254.25,248.30,248.91,3390800.00,248.91
9/10/2015,247.23,250.72,245.33,248.48,2709000.00,248.48
9/11/2015,247.64,250.24,244.73,250.24,2350800.00,250.24
9/14/2015,251.10,254.25,249.67,253.19,2890900.00,253.19
9/15/2015,252.75,254.60,249.50,253.57,2933500.00,253.57
9/16/2015,253.04,262.88,252.88,262.25,4417100.00,262.25
9/17/2015,263.96,265.50,260.69,262.07,3585800.00,262.07
9/18/2015,257.96,263.82,257.50,260.62,3763100.00,260.62
9/21/2015,263.98,271.57,255.80,264.20,6120200.00,264.20
9/22/2015,259.03,262.65,255.87,260.94,3664400.00,260.94
9/23/2015,261.95,262.08,257.58,261.06,2600800.00,261.06
9/24/2015,259.53,263.45,256.21,263.12,3448200.00,263.12
9/25/2015,266.61,266.91,256.15,256.91,3773400.00,256.91
9/28/2015,257.35,259.79,246.61,248.43,4901100.00,248.43
9/29/2015,250.46,254.73,245.46,246.65,3703200.00,246.65
9/30/2015,252.00,252.40,242.34,248.40,4929600.00,248.40
10/1/2015,247.51,248.50,237.13,239.88,4573000.00,239.88
10/2/2015,235.60,247.70,234.93,247.57,4424000.00,247.57
10/5/2015,248.84,249.84,244.13,246.15,3689900.00,246.15
10/6/2015,240.00,243.03,235.58,241.46,5225200.00,241.46
10/7/2015,236.63,237.70,229.12,231.96,6814000.00,231.96
10/8/2015,230.08,230.72,221.31,226.72,6133200.00,226.72
10/9/2015,220.93,224.37,218.36,220.69,6158400.00,220.69
10/12/2015,222.99,223.00,215.27,215.58,3836300.00,215.58
10/13/2015,213.28,222.52,211.13,219.25,5171500.00,219.25
10/14/2015,220.67,220.95,215.43,216.88,3104400.00,216.88
10/15/2015,216.43,221.73,213.70,221.31,2844200.00,221.31
10/16/2015,223.04,230.48,222.87,227.01,4334500.00,227.01
10/19/2015,226.50,231.15,224.94,228.10,2507900.00,228.10
10/20/2015,227.72,228.60,202.00,213.03,14863300.00,213.03
10/21/2015,211.99,214.81,208.80,210.09,4151500.00,210.09
10/22/2015,211.56,215.75,209.40,211.72,2825200.00,211.72
10/23/2015,215.00,215.35,207.69,209.09,4235500.00,209.09
10/26/2015,211.38,215.88,210.00,215.26,3391400.00,215.26
10/27/2015,214.84,217.10,207.51,210.35,3519400.00,210.35
10/28/2015,211.31,213.45,208.30,212.96,2728600.00,212.96
10/29/2015,211.75,213.75,210.64,211.63,1805000.00,211.63
10/30/2015,210.40,211.63,203.89,206.93,4438900.00,206.93
11/2/2015,208.92,215.80,207.22,213.79,3927900.00,213.79
11/3/2015,213.85,214.44,207.75,208.35,8332500.00,208.35
11/4/2015,227.00,232.74,225.20,231.63,12726400.00,231.63
11/5/2015,230.58,234.58,229.19,231.77,4496800.00,231.77
11/6/2015,230.70,233.36,229.50,232.36,2445300.00,232.36
11/9/2015,232.99,232.99,224.31,225.33,3850900.00,225.33
11/10/2015,223.48,223.70,216.08,216.50,4617000.00,216.50
11/11/2015,217.77,219.48,213.63,219.08,3347800.00,219.08
11/12/2015,217.85,219.00,212.66,212.94,2915900.00,212.94
11/13/2015,212.95,212.99,206.52,207.19,3430300.00,207.19
11/16/2015,206.09,214.98,205.80,214.31,2925400.00,214.31
11/17/2015,215.20,216.00,211.40,214.00,2148700.00,214.00
11/18/2015,214.50,221.38,212.52,221.07,2811900.00,221.07
11/19/2015,220.54,226.19,220.30,221.80,2504400.00,221.80
11/20/2015,223.49,225.00,213.58,220.01,4400700.00,220.01
11/23/2015,217.35,219.18,214.68,217.75,2526200.00,217.75
11/24/2015,215.37,221.00,215.00,218.25,2480300.00,218.25
11/25/2015,221.34,230.83,220.38,229.64,3990800.00,229.64
11/27/2015,231.06,232.25,227.01,231.61,1949400.00,231.61
11/30/2015,231.79,234.28,229.08,230.26,2659800.00,230.26
12/1/2015,231.06,238.00,231.05,237.19,3734000.00,237.19
12/2/2015,237.00,238.60,231.23,231.99,2981500.00,231.99
12/3/2015,235.48,237.45,230.00,232.71,2939600.00,232.71
12/4/2015,232.46,233.27,227.66,230.38,2573600.00,230.38
12/7/2015,227.70,235.63,226.15,231.13,3144200.00,231.13
12/8/2015,227.52,228.80,224.20,226.72,2687600.00,226.72
12/9/2015,226.70,227.50,220.72,224.52,3057800.00,224.52
12/10/2015,224.71,228.49,223.64,227.07,2067000.00,227.07
12/11/2015,225.24,225.75,216.64,217.02,3268700.00,217.02
12/14/2015,217.51,220.92,214.87,218.58,2827100.00,218.58
12/15/2015,221.82,222.22,218.00,221.09,2244400.00,221.09
12/16/2015,222.10,234.88,220.73,234.51,5104300.00,234.51
12/17/2015,233.94,237.76,229.81,233.39,3298600.00,233.39
12/18/2015,232.89,235.90,229.29,230.46,3014200.00,230.46
12/21/2015,231.69,235.83,231.08,232.56,1953200.00,232.56
12/22/2015,234.99,236.55,229.63,229.95,1961500.00,229.95
12/23/2015,232.18,233.45,228.13,229.70,1555000.00,229.70
12/24/2015,230.56,231.88,228.28,230.57,708000.00,230.57
12/28/2015,231.49,231.98,225.54,228.95,1901300.00,228.95
12/29/2015,230.06,237.72,229.55,237.19,2406300.00,237.19
12/30/2015,236.60,243.63,235.67,238.09,3697900.00,238.09
12/31/2015,238.51,243.45,238.37,240.01,2683200.00,240.01
1/4/2016,230.72,231.38,219.00,223.41,6827100.00,223.41
1/5/2016,226.36,226.89,220.00,223.43,3186800.00,223.43
1/6/2016,220.00,220.05,215.98,219.04,3779100.00,219.04
1/7/2016,214.19,218.44,213.67,215.65,3554300.00,215.65
1/8/2016,217.86,220.44,210.77,211.00,3628100.00,211.00
1/11/2016,214.01,214.45,203.00,207.85,4091400.00,207.85
1/12/2016,211.60,213.74,205.31,209.97,3091900.00,209.97
1/13/2016,212.01,212.65,200.00,200.31,4126400.00,200.31
1/14/2016,202.21,210.00,193.38,206.18,6490700.00,206.18
1/15/2016,198.97,205.07,197.25,204.99,5322200.00,204.99
1/19/2016,208.71,210.47,200.78,204.72,4038700.00,204.72
1/20/2016,199.40,201.28,191.25,198.70,5838600.00,198.70
1/21/2016,201.55,203.23,195.02,199.97,3166200.00,199.97
1/22/2016,204.80,205.50,199.03,202.55,3124100.00,202.55
1/25/2016,200.06,203.57,195.88,196.38,2698700.00,196.38
1/26/2016,196.70,197.82,188.88,193.56,4964200.00,193.56
1/27/2016,192.38,193.26,185.77,188.07,3617200.00,188.07
1/28/2016,190.79,191.28,182.41,189.70,4592800.00,189.70
1/29/2016,189.95,193.74,188.08,191.20,2852300.00,191.20
2/1/2016,188.76,199.52,182.75,196.94,5297600.00,196.94
2/2/2016,192.42,193.12,180.23,182.78,5773600.00,182.78
2/3/2016,183.59,183.94,170.18,173.48,7931400.00,173.48
2/4/2016,170.70,175.98,166.99,175.33,4385400.00,175.33
2/5/2016,171.30,173.00,157.74,162.60,9437600.00,162.60
2/8/2016,157.10,157.15,146.00,147.99,9313000.00,147.99
2/9/2016,142.32,159.79,141.05,148.25,8651600.00,148.25
2/10/2016,150.50,154.97,141.74,143.67,10406500.00,143.67
2/11/2016,152.00,163.26,147.00,150.47,14252400.00,150.47
2/12/2016,155.00,157.01,143.70,151.04,7235800.00,151.04
2/16/2016,158.70,162.95,154.11,155.17,5593800.00,155.17
2/17/2016,159.00,169.34,156.68,168.68,5825200.00,168.68
2/18/2016,172.42,172.95,164.77,166.77,3887600.00,166.77
2/19/2016,163.66,167.49,162.50,166.58,2959400.00,166.58
2/22/2016,170.12,178.91,169.85,177.74,5060100.00,177.74
2/23/2016,176.16,181.73,173.68,177.21,5984400.00,177.21
2/24/2016,172.75,179.50,167.84,179.00,5395600.00,179.00
2/25/2016,178.65,188.52,175.20,187.43,5750700.00,187.43
2/26/2016,188.70,192.00,185.00,190.34,6065100.00,190.34
2/29/2016,192.40,196.35,189.22,191.93,4499000.00,191.93
3/1/2016,194.25,195.95,182.70,186.35,6712200.00,186.35
3/2/2016,183.73,188.52,181.50,188.34,4862400.00,188.34
3/3/2016,188.28,197.42,184.22,195.74,4829000.00,195.74
3/4/2016,198.00,204.03,197.50,201.04,6489100.00,201.04
3/7/2016,197.68,209.70,197.40,205.29,5329400.00,205.29
3/8/2016,203.50,207.50,202.20,202.60,4178700.00,202.60
3/9/2016,204.52,209.37,202.79,208.72,3208600.00,208.72
3/10/2016,210.00,213.29,200.67,205.18,5192500.00,205.18
3/11/2016,207.93,209.42,205.33,207.50,3343100.00,207.50
3/14/2016,212.65,216.72,210.64,215.15,4065700.00,215.15
3/15/2016,214.27,218.97,211.50,218.34,3180500.00,218.34
3/16/2016,218.00,222.58,217.02,221.93,3516700.00,221.93
3/17/2016,221.47,228.50,220.00,226.38,3782900.00,226.38
3/18/2016,229.10,234.48,228.06,232.74,4711800.00,232.74
3/21/2016,235.34,239.88,235.00,238.32,5307800.00,238.32
3/22/2016,237.21,238.99,232.56,234.24,4316000.00,234.24
3/23/2016,232.37,234.73,222.03,222.58,4948800.00,222.58
3/24/2016,215.78,228.89,215.00,227.75,4960900.00,227.75
3/28/2016,231.61,234.81,225.00,230.26,3925700.00,230.26
3/29/2016,229.89,232.38,225.33,230.13,4014300.00,230.13
3/30/2016,235.09,235.50,226.50,226.89,4033000.00,226.89
3/31/2016,229.34,237.42,225.01,229.77,8012900.00,229.77
4/1/2016,244.83,247.90,233.25,237.59,15997500.00,237.59
4/4/2016,249.12,252.12,243.64,246.99,13475300.00,246.99
4/5/2016,240.50,256.56,240.00,255.47,9948700.00,255.47
4/6/2016,253.97,267.74,253.45,265.42,11705500.00,265.42
4/7/2016,266.45,269.34,254.51,257.20,8856200.00,257.20
4/8/2016,260.50,260.82,248.02,250.07,7363900.00,250.07
4/11/2016,251.00,258.99,245.30,249.92,9161700.00,249.92
4/12/2016,249.50,251.80,243.63,247.82,5763200.00,247.82
4/13/2016,248.51,255.50,247.33,254.53,4925600.00,254.53
4/14/2016,253.00,256.84,251.05,251.86,4132200.00,251.86
4/15/2016,251.31,254.60,249.12,254.51,3752400.00,254.51
4/18/2016,252.23,258.31,251.66,253.88,4261800.00,253.88
4/19/2016,253.12,254.37,241.25,247.37,6357500.00,247.37
4/20/2016,246.26,253.66,241.50,249.97,5194100.00,249.97
4/21/2016,248.99,250.90,246.91,248.29,2783100.00,248.29
4/22/2016,248.89,254.00,245.71,253.75,3786300.00,253.75
4/25/2016,253.01,257.38,250.76,251.82,3670300.00,251.82
4/26/2016,252.05,255.73,249.39,253.74,3223800.00,253.74
4/27/2016,252.75,255.00,249.40,251.47,3205800.00,251.47
4/28/2016,249.85,253.43,247.44,247.71,2519000.00,247.71
4/29/2016,248.14,248.43,237.81,240.76,5413800.00,240.76
5/2/2016,241.50,243.19,234.82,241.80,3843900.00,241.80
5/3/2016,237.36,238.91,231.62,232.32,4302200.00,232.32
5/4/2016,230.29,234.46,220.40,222.56,8700500.00,222.56
5/5/2016,228.46,228.64,209.79,211.53,11254800.00,211.53
5/6/2016,210.87,216.37,208.11,214.93,5681100.00,214.93
5/9/2016,215.72,216.15,206.80,208.92,4776400.00,208.92
5/10/2016,207.55,209.47,205.00,208.69,4070600.00,208.69
5/11/2016,207.59,215.48,206.05,208.96,5161900.00,208.96
5/12/2016,211.44,211.67,203.66,207.28,3650500.00,207.28
5/13/2016,207.78,211.20,206.70,207.61,2822800.00,207.61
5/16/2016,208.15,213.15,207.92,208.29,2949400.00,208.29
5/17/2016,209.05,209.82,204.02,204.66,2843600.00,204.66
5/18/2016,209.15,215.31,207.75,211.17,5617500.00,211.17
5/19/2016,213.62,216.79,207.30,215.21,6866300.00,215.21
5/20/2016,216.99,220.55,216.35,220.28,9007100.00,220.28
5/23/2016,219.87,222.60,215.86,216.22,5102500.00,216.22
5/24/2016,216.60,218.74,215.18,217.91,3013800.00,217.91
5/25/2016,217.91,221.36,216.51,219.58,3126800.00,219.58
5/26/2016,220.50,225.26,219.05,225.12,4072400.00,225.12
5/27/2016,224.99,225.93,220.75,223.04,3642700.00,223.04
5/31/2016,223.04,224.75,221.50,223.23,2789000.00,223.23
6/1/2016,221.48,222.40,216.89,219.56,2982700.00,219.56
6/2/2016,219.59,219.91,217.11,218.96,2032800.00,218.96
6/3/2016,220.00,221.94,218.01,218.99,2229000.00,218.99
6/6/2016,218.00,220.90,215.45,220.68,2249500.00,220.68
6/7/2016,222.24,234.44,221.52,232.34,6213600.00,232.34
6/8/2016,233.80,240.85,232.61,235.52,5972000.00,235.52
6/9/2016,234.98,235.33,227.06,229.36,4492100.00,229.36
6/10/2016,227.39,227.97,218.42,218.79,6026600.00,218.79
6/13/2016,219.50,225.77,217.66,217.87,4193000.00,217.87
6/14/2016,218.88,222.20,212.53,214.96,3580200.00,214.96
6/15/2016,216.95,221.90,215.13,217.70,2908500.00,217.70
6/16/2016,217.42,218.04,213.50,217.93,2440300.00,217.93
6/17/2016,217.81,219.99,214.50,215.47,3112600.00,215.47
6/20/2016,219.50,223.75,218.23,219.70,3555500.00,219.70
6/21/2016,220.68,222.57,218.81,219.61,4529000.00,219.61
6/22/2016,199.47,205.95,195.75,196.66,23742400.00,196.66
6/23/2016,195.69,197.55,192.13,196.40,10130700.00,196.40
6/24/2016,190.05,195.12,189.73,193.15,7026500.00,193.15
6/27/2016,190.86,198.81,187.87,198.55,7205400.00,198.55
6/28/2016,201.89,204.05,199.41,201.79,6212400.00,201.79
6/29/2016,205.13,211.78,203.00,210.19,5994900.00,210.19
6/30/2016,212.97,213.50,209.02,212.28,4843100.00,212.28
7/1/2016,206.14,218.24,206.00,216.50,5400000.00,216.50
7/5/2016,209.73,214.54,208.00,213.98,5175300.00,213.98
7/6/2016,210.00,215.23,209.00,214.44,4919900.00,214.44
7/7/2016,213.10,218.12,213.01,215.94,3612000.00,215.94
7/8/2016,217.80,219.81,214.50,216.78,4074800.00,216.78
7/11/2016,219.96,226.78,219.51,224.78,5429800.00,224.78
7/12/2016,224.10,227.50,223.22,224.65,4571300.00,224.65
7/13/2016,225.50,225.59,220.29,222.53,3567100.00,222.53
7/14/2016,223.12,224.94,221.05,221.53,2675800.00,221.53
7/15/2016,222.52,222.75,219.64,220.40,2234200.00,220.40
7/18/2016,219.64,227.09,218.30,226.25,3412100.00,226.25
7/19/2016,225.00,229.10,224.75,225.26,3115100.00,225.26
7/20/2016,226.47,229.80,225.00,228.36,2568500.00,228.36
7/21/2016,226.00,227.85,219.10,220.50,4428700.00,220.50
7/22/2016,221.99,224.50,218.88,222.27,2579700.00,222.27
7/25/2016,222.27,231.39,221.37,230.01,4490700.00,230.01
7/26/2016,227.69,230.00,225.30,229.51,3430000.00,229.51
7/27/2016,229.34,233.36,226.92,228.49,2889000.00,228.49
7/28/2016,227.95,230.76,226.60,230.61,2419100.00,230.61
7/29/2016,230.70,235.28,230.24,234.79,3070800.00,234.79
8/1/2016,235.50,236.63,229.38,230.01,4016300.00,230.01
8/2/2016,229.37,229.87,221.40,227.20,3934400.00,227.20
8/3/2016,227.37,229.70,224.21,225.79,3887800.00,225.79
8/4/2016,225.69,230.86,222.05,230.61,4147000.00,230.61
8/5/2016,230.00,232.00,227.40,230.03,3205200.00,230.03
8/8/2016,228.00,229.60,226.09,226.16,2263600.00,226.16
8/9/2016,226.82,231.54,226.65,229.08,2207800.00,229.08
8/10/2016,228.24,229.87,224.62,225.65,2338300.00,225.65
8/11/2016,226.17,227.57,223.41,224.91,1880900.00,224.91
8/12/2016,225.41,226.65,224.04,225.61,1813500.00,225.61
8/15/2016,226.02,229.50,224.93,225.59,2034300.00,225.59
8/16/2016,225.49,227.19,223.41,223.61,2267100.00,223.61
8/17/2016,224.33,224.83,222.80,223.24,1787100.00,223.24
8/18/2016,223.82,225.66,222.29,223.51,1714500.00,223.51
8/19/2016,223.54,225.17,222.53,225.00,1659500.00,225.00
8/22/2016,224.17,225.11,222.68,222.93,2065500.00,222.93
8/23/2016,224.32,228.49,222.80,224.84,4784400.00,224.84
8/24/2016,227.05,227.15,222.22,222.62,2570700.00,222.62
8/25/2016,223.11,223.80,220.77,220.96,1762500.00,220.96
8/26/2016,222.14,222.86,218.82,219.99,2239000.00,219.99
8/29/2016,220.15,220.40,215.00,215.20,3266300.00,215.20
8/30/2016,216.11,216.11,210.52,211.34,3168900.00,211.34
8/31/2016,210.43,212.60,208.65,212.01,3276500.00,212.01
9/1/2016,209.01,211.10,200.50,200.77,7943100.00,200.77
9/2/2016,202.33,203.20,196.20,197.78,5977400.00,197.78
9/6/2016,199.02,203.25,199.00,202.83,4390600.00,202.83
9/7/2016,205.50,206.50,200.71,201.71,3640900.00,201.71
9/8/2016,199.55,199.89,196.36,197.36,3377900.00,197.36
9/9/2016,199.09,199.92,193.70,194.47,3757000.00,194.47
9/12/2016,195.00,201.37,194.10,198.30,3715200.00,198.30
9/13/2016,197.06,198.49,193.45,196.05,3589400.00,196.05
9/14/2016,195.75,197.92,194.86,196.41,2254500.00,196.41
9/15/2016,196.49,202.52,196.40,200.42,3077200.00,200.42
9/16/2016,200.42,205.70,199.00,205.40,3107800.00,205.40
9/19/2016,207.00,209.43,205.00,206.34,2299500.00,206.34
9/20/2016,206.85,207.75,203.91,204.64,2410500.00,204.64
9/21/2016,206.37,207.00,201.56,205.22,2633500.00,205.22
9/22/2016,206.40,207.28,203.00,206.43,2382900.00,206.43
9/23/2016,205.99,210.18,205.67,207.45,2905200.00,207.45
9/26/2016,206.50,211.00,206.50,208.99,2394400.00,208.99
9/27/2016,209.65,209.98,204.61,205.81,3373200.00,205.81
9/28/2016,207.51,208.25,205.26,206.27,2088400.00,206.27
9/29/2016,205.60,207.33,200.58,200.70,2727000.00,200.70
9/30/2016,202.21,204.98,199.55,204.03,2586300.00,204.03
10/3/2016,212.30,215.67,208.25,213.70,5999900.00,213.70
10/4/2016,213.10,213.32,208.82,211.41,3541500.00,211.41
10/5/2016,212.24,213.15,208.12,208.46,1877500.00,208.46
10/6/2016,202.46,204.21,200.21,201.00,4703400.00,201.00
10/7/2016,201.00,201.32,195.80,196.61,3493000.00,196.61
10/10/2016,201.35,204.14,199.66,200.95,3316300.00,200.95
10/11/2016,201.85,202.20,198.31,200.10,2328400.00,200.10
10/12/2016,200.95,203.88,200.42,201.51,1970700.00,201.51
10/13/2016,200.50,200.90,197.05,200.24,2494600.00,200.24
10/14/2016,200.66,201.43,196.30,196.51,4269900.00,196.51
10/17/2016,197.05,198.39,192.00,193.96,4554100.00,193.96
10/18/2016,195.99,199.47,193.26,199.10,5680500.00,199.10
10/19/2016,199.74,206.66,198.06,203.56,6991200.00,203.56
10/20/2016,202.12,203.00,197.05,199.10,5072900.00,199.10
10/21/2016,198.60,201.57,197.41,200.09,2943400.00,200.09
10/24/2016,201.00,203.95,200.25,202.76,2751600.00,202.76
10/25/2016,202.90,204.69,201.20,202.34,2445000.00,202.34
10/26/2016,201.00,203.19,200.10,202.24,5632800.00,202.24
10/27/2016,211.34,213.70,201.65,204.01,13093700.00,204.01
10/28/2016,204.00,205.32,199.83,199.97,4280100.00,199.97
10/31/2016,202.49,202.49,195.81,197.73,4692300.00,197.73
11/1/2016,198.04,198.50,188.11,190.79,7060000.00,190.79
11/2/2016,190.05,192.70,187.51,188.02,4253400.00,188.02
11/3/2016,189.00,191.47,187.04,187.42,2653000.00,187.42
11/4/2016,189.00,193.46,185.96,190.56,5146000.00,190.56
11/7/2016,193.59,194.29,190.05,193.21,3870100.00,193.21
11/8/2016,193.79,197.49,191.26,194.94,3267600.00,194.94
11/9/2016,186.88,192.00,183.95,190.06,8173100.00,190.06
11/10/2016,191.05,191.61,180.42,185.35,6750300.00,185.35
11/11/2016,184.24,188.88,183.00,188.56,3988500.00,188.56
11/14/2016,188.00,188.25,178.19,181.45,6552200.00,181.45
11/15/2016,182.78,186.43,182.05,183.77,3902000.00,183.77
11/16/2016,182.65,184.73,181.21,183.93,3434400.00,183.93
11/17/2016,183.49,189.49,182.11,188.66,4887100.00,188.66
11/18/2016,190.65,193.00,185.00,185.02,5210300.00,185.02
11/21/2016,185.04,188.89,184.41,184.52,4361000.00,184.52
11/22/2016,185.84,191.47,183.71,191.17,5603400.00,191.17
11/23/2016,190.61,195.64,189.00,193.14,4891900.00,193.14
11/25/2016,193.64,197.24,193.64,196.65,2366100.00,196.65
11/28/2016,195.48,199.35,194.55,196.12,4529200.00,196.12
11/29/2016,195.56,196.73,189.50,189.57,4439300.00,189.57
11/30/2016,191.00,191.89,187.50,189.40,3547100.00,189.40
12/1/2016,188.25,188.53,181.00,181.88,5126400.00,181.88
12/2/2016,182.88,184.88,180.00,181.47,4042300.00,181.47
12/5/2016,182.51,188.89,182.51,186.80,4072200.00,186.80
12/6/2016,185.52,186.58,182.68,185.85,3391600.00,185.85
12/7/2016,186.15,193.40,185.00,193.15,5461900.00,193.15
12/8/2016,192.05,192.50,189.54,192.29,3194100.00,192.29
12/9/2016,190.87,193.84,190.81,192.18,2722500.00,192.18
12/12/2016,192.80,194.42,191.18,192.43,2438900.00,192.43
12/13/2016,193.18,201.28,193.00,198.15,6823900.00,198.15
12/14/2016,198.74,203.00,196.76,198.69,4150900.00,198.69
12/15/2016,198.41,200.74,197.39,197.58,3219600.00,197.58
12/16/2016,198.08,202.59,197.60,202.49,3796900.00,202.49
12/19/2016,202.49,204.45,199.84,202.73,3488100.00,202.73
12/20/2016,203.05,209.00,202.50,208.79,4689100.00,208.79
12/21/2016,208.45,212.23,207.41,207.70,5207600.00,207.70
12/22/2016,208.22,209.99,206.50,208.45,3111100.00,208.45
12/23/2016,208.00,213.45,207.71,213.34,4670500.00,213.34
12/27/2016,214.88,222.25,214.42,219.53,5915700.00,219.53
12/28/2016,221.53,223.80,217.20,219.74,3782500.00,219.74
12/29/2016,218.56,219.20,214.12,214.68,4045000.00,214.68
12/30/2016,216.30,217.50,211.68,213.69,4642600.00,213.69
1/3/2017,214.86,220.33,210.96,216.99,5923300.00,216.99
1/4/2017,214.75,228.00,214.31,226.99,11213500.00,226.99
1/5/2017,226.42,227.48,221.95,226.75,5911700.00,226.75
1/6/2017,226.93,230.31,225.45,229.01,5527900.00,229.01
1/9/2017,228.97,231.92,228.00,231.28,3957000.00,231.28
1/10/2017,232.00,232.00,226.89,229.87,3660000.00,229.87
1/11/2017,229.07,229.98,226.68,229.73,3650800.00,229.73
1/12/2017,229.06,230.70,225.58,229.59,3790200.00,229.59
1/13/2017,230.00,237.85,229.59,237.75,6093000.00,237.75
1/17/2017,236.70,239.96,234.37,235.58,4617500.00,235.58
1/18/2017,236.65,239.71,235.58,238.36,3769000.00,238.36
1/19/2017,247.25,248.68,240.75,243.76,7732300.00,243.76
1/20/2017,245.46,246.00,243.01,244.73,4204300.00,244.73
1/23/2017,245.85,250.89,245.50,248.92,6262900.00,248.92
1/24/2017,250.00,254.80,249.65,254.61,4965500.00,254.61
1/25/2017,257.31,258.46,251.80,254.47,5142600.00,254.47
1/26/2017,254.29,255.74,250.75,252.51,3152100.00,252.51
1/27/2017,251.38,253.00,248.52,252.95,3166300.00,252.95
1/30/2017,252.53,255.29,247.10,250.63,3801100.00,250.63
1/31/2017,249.24,255.89,247.70,251.93,4116100.00,251.93
2/1/2017,253.05,253.20,249.05,249.24,3958800.00,249.24
2/2/2017,248.34,252.42,247.71,251.55,2499800.00,251.55
2/3/2017,251.91,252.18,249.68,251.33,2186700.00,251.33
2/6/2017,251.00,257.82,250.63,257.77,3562500.00,257.77
2/7/2017,258.19,260.00,256.42,257.48,4244800.00,257.48
2/8/2017,257.35,263.36,256.20,262.08,3933000.00,262.08
2/9/2017,266.25,271.18,266.15,269.20,7820200.00,269.20
2/10/2017,269.79,270.95,266.11,269.23,3619700.00,269.23
2/13/2017,270.74,280.79,270.51,280.60,7029600.00,280.60
2/14/2017,279.03,287.39,278.61,280.98,7329400.00,280.98
2/15/2017,280.00,282.24,276.44,279.76,4935600.00,279.76
2/16/2017,277.60,280.00,268.50,268.95,7053800.00,268.95
2/17/2017,265.80,272.89,264.15,272.23,6247600.00,272.23
2/21/2017,275.45,281.40,274.01,277.39,5634500.00,277.39
2/22/2017,280.31,283.45,272.60,273.51,8081400.00,273.51
2/23/2017,264.00,264.66,255.56,255.99,14867000.00,255.99
2/24/2017,252.66,258.25,250.20,257.00,8160500.00,257.00
2/27/2017,248.17,248.36,242.01,246.23,11432900.00,246.23
2/28/2017,244.19,251.00,243.90,249.99,6065600.00,249.99
3/1/2017,254.18,254.85,249.11,250.02,4800300.00,250.02
3/2/2017,249.71,253.28,248.27,250.48,3342300.00,250.48
3/3/2017,250.74,251.90,249.00,251.57,2919400.00,251.57
3/6/2017,247.91,251.70,247.51,251.21,3351200.00,251.21
3/7/2017,251.92,253.89,248.32,248.59,3449200.00,248.59
3/8/2017,247.00,250.07,245.32,246.87,3725200.00,246.87
3/9/2017,247.63,248.66,243.00,244.90,3861500.00,244.90
3/10/2017,246.21,246.50,243.00,243.69,3057000.00,243.69
3/13/2017,244.82,246.85,242.78,246.17,3010700.00,246.17
3/14/2017,246.11,258.12,246.02,258.00,7575500.00,258.00
3/15/2017,257.00,261.00,254.27,255.73,4816600.00,255.73
3/16/2017,262.40,265.75,259.06,262.05,7100400.00,262.05
3/17/2017,264.00,265.33,261.20,261.50,6475900.00,261.50
